Date,SPY_Close,Position,Strategy_Return,Cumulative
2018-10-16,252.89256286621097,0,,100.0
2018-10-17,252.93765258789065,0,0.0,100.0
2018-10-18,249.28485107421875,0,-0.0,100.0
2018-10-19,249.1497039794922,0,-0.0,100.0
2018-10-22,248.03131103515625,0,-0.0,100.0
2018-10-23,246.7686462402344,-1,-0.0,100.0
2018-10-24,239.29185485839844,-1,0.030298789962794337,103.02987899627945
2018-10-25,243.5849151611328,-1,-0.017940687138201294,101.18145217132046
2018-10-26,239.30088806152344,-1,0.0175874072365092,102.96097157543886
2018-10-29,237.97506713867188,-1,0.005540392823409457,103.53141580344669
2018-10-30,241.50152587890625,-1,-0.014818605926390838,101.9972245516541
2018-10-31,244.0810089111328,-1,-0.010681021674040947,100.90778998552585
2018-11-01,246.6784210205078,-1,-0.010641598545344744,99.83396979440194
2018-11-02,245.2173614501953,-1,0.005922932230018718,100.42527963174793
2018-11-05,246.5701904296875,-1,-0.005516856439085949,99.87124778116451
2018-11-06,248.1304473876953,0,-0.0063278409903841926,99.23927840569404
2018-11-07,253.44265747070312,1,0.0,99.23927840569404
2018-11-08,252.9826202392578,1,-0.0018151531239309904,99.05914391947928
2018-11-09,250.51158142089844,1,-0.009767622835206602,98.09157156329536
2018-11-12,245.8306427001953,1,-0.018685518226953413,96.25867971493889
2018-11-13,245.3706970214844,1,-0.0018709859505668947,96.07858107757214
2018-11-14,243.6931610107422,1,-0.006836741432883264,95.42171666150647
2018-11-15,246.23651123046875,1,0.010436690997719156,96.41760363277452
2018-11-16,246.8768310546875,0,0.0026004259929570672,96.66833047543982
2018-11-19,242.70103454589844,0,-0.0,96.66833047543982
2018-11-20,238.2095184326172,0,-0.0,96.66833047543982
2018-11-21,239.0212554931641,0,0.0,96.66833047543982
2018-11-23,237.42495727539065,-1,-0.0,96.66833047543982
2018-11-26,241.25799560546875,-1,-0.016144209833981904,95.10769666394361
2018-11-27,242.06971740722656,-1,-0.003364538446573251,94.78770316195273
2018-11-28,247.6435089111328,0,-0.023025562898186136,92.60516294082261
2018-11-29,247.102294921875,-1,-0.0,92.60516294082261
2018-11-30,248.60845947265625,0,-0.006095307820825457,92.04070596690059
2018-12-03,251.9004669189453,1,0.0,92.04070596690059
2018-12-04,243.7382049560547,1,-0.0324027266115271,89.05833613432316
2018-12-06,243.3684234619141,1,-0.0015171256972507097,88.92322344401938
2018-12-07,237.7136077880859,1,-0.023235617806897313,86.85703740991681
2018-12-10,238.1644744873047,0,0.0018966802254782866,87.02177743521582
2018-12-11,238.2185821533203,0,0.0,87.02177743521582
2018-12-12,239.4181365966797,0,0.0,87.02177743521582
2018-12-13,239.3369598388672,0,-0.0,87.02177743521582
2018-12-14,234.9176788330078,-1,-0.0,87.02177743521582
2018-12-17,230.30894470214844,-1,0.019618507018092535,88.7290147865555
2018-12-18,230.05642700195312,-1,0.0010964302776945711,88.82629996487749
2018-12-19,226.6112060546875,-1,0.014975547487036223,90.15652243809924
2018-12-20,222.9224090576172,-1,0.016278087307739386,91.62409818170879
2018-12-21,218.35482788085935,-1,0.020489555967328932,93.50143526935896
2018-12-24,212.5852203369141,-1,0.026423082099624184,95.97203136991395
2018-12-26,223.3260955810547,-1,-0.05052503286502241,91.12304133082608
2018-12-27,225.04066467285156,-1,-0.007677423846666365,90.42345112033203
2018-12-28,224.7503204345703,-1,0.0012901856591266414,90.54011416021623
2018-12-31,226.71885681152344,-1,-0.008758770057131882,89.74709411934043
2019-01-02,226.95472717285156,-1,-0.0010403649905672552,89.65372438461353
2019-01-03,221.53895568847656,-1,0.02386278334819736,91.79311178596254
2019-01-04,228.95957946777344,-1,-0.03349579651233703,88.71842839234574
2019-01-07,230.7648773193359,-1,-0.0078847884668507,88.01890235136065
2019-01-08,232.93295288085935,-1,-0.00939517133936807,87.19194968266652
2019-01-09,234.02159118652344,1,-0.004673612265675864,86.7844483171614
2019-01-10,234.8471221923828,1,0.0035275847911033775,87.09058781714933
2019-01-11,234.93783569335935,1,0.00038626618086556874,87.12422796589479
2019-01-14,233.50450134277344,1,-0.006100908976009678,86.59269098146976
2019-01-15,236.18064880371097,1,0.011460796025551057,87.58511215011195
2019-01-16,236.75213623046875,1,0.0024197047033804875,87.7970422579277
2019-01-17,238.54833984375,1,0.007586852823717294,88.46314549589628
2019-01-18,241.723388671875,1,0.013309876020116684,89.6405789947962
2019-01-22,238.4576110839844,1,-0.013510391385103793,88.4294996885892
2019-01-23,238.95660400390625,1,0.002092585418655757,88.61454597021657
2019-01-24,239.08352661132812,1,0.0005311533780409938,88.66161388565222
2019-01-25,241.10658264160156,1,0.00846171235194415,89.41184295901175
2019-01-28,239.2740478515625,1,-0.007600517455647715,88.73226668586014
2019-01-29,238.95660400390625,1,-0.0013266956885068515,88.61454597021657
2019-01-30,242.7394561767578,1,0.015830707791569143,90.01737695355364
2019-01-31,244.87130737304688,1,0.008782466723237237,90.80795157116133
2019-02-01,244.98919677734375,1,0.0004814341278347456,90.85166961812645
2019-02-04,246.7128143310547,1,0.0070354839167763306,91.49085507853705
2019-02-05,247.74705505371097,1,0.004192083518079759,91.87439238416681
2019-02-06,247.42051696777344,1,-0.001318030141132187,91.75329916580628
2019-02-07,245.06182861328125,1,-0.00953311545622304,90.87860437136928
2019-02-08,245.3611297607422,1,0.0012213291198983622,90.98959705726375
2019-02-11,245.49728393554688,1,0.0005549133839473086,91.0400884024708
2019-02-12,248.65415954589844,1,0.012859106055040481,92.21078255449842
2019-02-13,249.4615020751953,1,0.003246849080551284,92.51017704905242
2019-02-14,248.90817260742188,1,-0.0022180956306703248,92.30498062954737
2019-02-15,251.62059020996097,1,0.010897262127335328,93.31085219912616
2019-02-19,252.0560302734375,1,0.001730542254563483,93.47233057166608
2019-02-20,252.5640563964844,1,0.002015528541395195,93.660726721764
2019-02-21,251.6659698486328,1,-0.003555876321695406,93.3276807613413
2019-02-22,253.22625732421875,1,0.006199834949971228,93.90629697832522
2019-02-25,253.57098388671875,1,0.0013613381414021575,94.03413520211964
2019-02-26,253.3895263671875,1,-0.0007156083742306807,93.96684358750547
2019-02-27,253.28073120117188,1,-0.00042935936451438117,93.92649804325731
2019-02-28,252.8089904785156,1,-0.0018625211654240692,93.75155795265758
2019-03-01,254.3875732421875,1,0.006244171778400531,94.33695878500666
2019-03-04,253.46218872070312,1,-0.0036376954647991955,93.99378965787149
2019-03-05,253.11734008789065,1,-0.001360552572172713,93.8659061655842
2019-03-06,251.5842742919922,1,-0.006056739516013154,93.29738482250474
2019-03-07,249.479736328125,1,-0.0083651411432204,92.51693903017113
2019-03-08,248.98074340820312,1,-0.002000134068065429,92.33189274854375
2019-03-11,252.59124755859375,0,0.014501138124048518,93.67081027854522
2019-03-12,253.54376220703125,0,0.0,93.67081027854522
2019-03-13,255.2220916748047,0,0.0,93.67081027854522
2019-03-14,255.0587615966797,1,-0.0,93.67081027854522
2019-03-15,256.31890869140625,1,0.004940614809065824,94.1336016709846
2019-03-18,257.2481994628906,1,0.0036255256244213108,94.47488545596183
2019-03-19,257.3121032714844,1,0.00024841304517253526,94.49835424995027
2019-03-20,256.53759765625,1,-0.0030099851712658277,94.2139156049489
2019-03-21,259.4350280761719,1,0.011294369505261859,95.27800238032874
2019-03-22,254.4419403076172,1,-0.01924600469559057,93.44428149913044
2019-03-25,254.2505645751953,1,-0.0007521391017161205,93.37399840118317
2019-03-26,256.1457214355469,1,0.007453894403412598,94.06999832529002
2019-03-27,254.8064117431641,1,-0.0052287021812300605,93.57813431985826
2019-03-28,255.7722320556641,1,0.0037904082000632666,93.93283364753088
2019-03-29,257.385009765625,1,0.006305523070267993,94.52512929715104
2019-04-01,260.4373474121094,1,0.011859034250921718,95.64610604305875
2019-04-02,260.56494140625,1,0.0004899220308012264,95.6929651775696
2019-04-03,260.97491455078125,1,0.0015734010197943071,95.84352858656713
2019-04-04,261.6673889160156,1,0.002653413514576153,96.09784110060339
2019-04-05,262.9339904785156,1,0.004840502164778826,96.56300290848144
2019-04-08,263.1343688964844,1,0.0007620863989630244,96.636592259641
2019-04-09,261.7859191894531,1,-0.005124567013751524,96.1413715666259
2019-04-10,262.67877197265625,1,0.0034106218774776487,96.46927343182175
2019-04-11,262.60595703125,1,-0.00027720146877274754,96.44253200753501
2019-04-12,264.3826599121094,1,0.0067656609962125636,97.09502948471437
2019-04-15,264.20953369140625,1,-0.0006548319801331637,97.0314485542958
2019-04-16,264.3826599121094,1,0.0006552610660346403,97.09502948471437
2019-04-17,263.7357482910156,1,-0.002446876135177689,96.85744997422385
2019-04-18,264.2550964355469,1,0.0019691988966099583,97.04818155784154
2019-04-22,264.48284912109375,1,0.0008618667666924207,97.13182416029419
2019-04-23,266.8609924316406,1,0.008991673064812078,98.00520176733237
2019-04-24,266.2687683105469,1,-0.0022192232581367266,97.78770634415193
2019-04-25,266.1047058105469,1,-0.0006161537496153224,97.7274540822217
2019-04-26,267.3439636230469,1,0.004657030805694573,98.18257384644471
2019-04-29,267.76312255859375,1,0.0015678638480047802,98.3365107544826
2019-04-30,267.8996887207031,1,0.0005100260289931935,98.38666493456778
2019-05-01,265.8861083984375,1,-0.007516172683443734,97.64717377117144
2019-05-02,265.3120422363281,1,-0.002159067901543521,97.43634689260566
2019-05-03,267.90887451171875,1,0.009787841718384982,98.39003843360813
2019-05-06,266.8063049316406,1,-0.004115464939665081,97.98511768002231
2019-05-07,262.3507385253906,1,-0.016699629371170865,96.34880253087537
2019-05-08,261.986328125,0,-0.0013890199144812598,96.21497212542357
2019-05-09,261.1935729980469,0,-0.0,96.21497212542357
2019-05-10,262.50567626953125,0,0.0,96.21497212542357
2019-05-13,255.9088897705078,0,-0.0,96.21497212542357
2019-05-14,258.2232971191406,0,0.0,96.21497212542357
2019-05-15,259.7356872558594,0,0.0,96.21497212542357
2019-05-16,262.1412048339844,0,0.0,96.21497212542357
2019-05-17,260.446533203125,0,-0.0,96.21497212542357
2019-05-20,258.7243957519531,0,-0.0,96.21497212542357
2019-05-21,261.0569763183594,0,0.0,96.21497212542357
2019-05-22,260.2551574707031,0,-0.0,96.21497212542357
2019-05-23,257.07513427734375,0,-0.0,96.21497212542357
2019-05-24,257.6582946777344,0,0.0,96.21497212542357
2019-05-28,255.2619476318359,0,-0.0,96.21497212542357
2019-05-29,253.54893493652344,0,-0.0,96.21497212542357
2019-05-30,254.2414398193359,0,0.0,96.21497212542357
2019-05-31,250.81546020507812,-1,-0.0,96.21497212542357
2019-06-03,250.17774963378903,-1,0.0025425488953817466,96.45960339652024
2019-06-04,255.608154296875,0,-0.021706185586188198,94.36583334362525
2019-06-05,257.8224182128906,0,0.0,94.36583334362525
2019-06-06,259.49884033203125,0,0.0,94.36583334362525
2019-06-07,262.0956115722656,0,0.0,94.36583334362525
2019-06-10,263.2984313964844,1,0.0,94.36583334362525
2019-06-11,263.2345275878906,1,-0.00024270485872179837,94.34293029737543
2019-06-12,262.76995849609375,1,-0.0017648486163798216,94.17642930737489
2019-06-13,263.8542785644531,1,0.00412649937064824,94.56504828364167
2019-06-14,263.56268310546875,1,-0.0011051382625699713,94.46054083048165
2019-06-17,263.6628112792969,1,0.00037990269581555935,94.49642664459134
2019-06-18,266.4237060546875,1,0.010471309025321895,95.48592792977551
2019-06-19,267.0250244140625,1,0.0022570002057233918,95.70143968875671
2019-06-20,269.5762634277344,1,0.009554306826748071,96.6158006073046
2019-06-21,269.18438720703125,1,-0.0014536747995550492,96.47535265272293
2019-06-24,268.8548583984375,1,-0.0012241750422928854,96.35724993380906
2019-06-25,266.2179870605469,1,-0.009807787568349768,95.41219849578788
2019-06-26,265.9524230957031,1,-0.000997543283141722,95.31702069804862
2019-06-27,266.8954162597656,1,0.003545721272572022,95.65498828597589
2019-06-28,268.268798828125,1,0.005145770532914318,96.14720690602412
2019-07-01,270.7043762207031,1,0.009078869414622215,97.02011484210458
2019-07-02,271.40936279296875,1,0.00260426736393371,97.27278116083296
2019-07-03,273.5792541503906,1,0.00799490236848266,98.05046754932461
2019-07-05,273.26788330078125,1,-0.0011381376507380025,97.93887262053426
2019-07-08,271.7663269042969,1,-0.005494814752275978,97.40071665843767
2019-07-09,272.105224609375,1,0.0012470187493003326,97.52217717830604
2019-07-10,273.4053039550781,1,0.004777855138832665,97.98812401368755
2019-07-11,274.0461730957031,1,0.0023440259985969547,98.21781072392938
2019-07-12,275.2731628417969,1,0.004477310273058421,98.65756233688093
2019-07-15,275.36468505859375,1,0.0003324778044180299,98.69036378659594
2019-07-16,274.4765319824219,1,-0.0032253702975124643,98.37205081858795
2019-07-17,272.6086730957031,1,-0.006805167907172338,97.70261249539458
2019-07-18,273.6067199707031,1,0.0036610972925634755,98.06031126547784
2019-07-19,272.0869140625,1,-0.005554709724841067,97.51561470087054
2019-07-22,272.7552795410156,1,0.002456441100148199,97.75515606472797
2019-07-23,274.7054748535156,1,0.007149981902391467,98.45410366145624
2019-07-24,275.9964294433594,1,0.00469941340096014,98.9167801955824
2019-07-25,274.6779479980469,1,-0.004777168487185346,98.44423807037822
2019-07-26,276.5182800292969,1,0.006699962791563818,99.10381080249361
2019-07-29,276.0147705078125,1,-0.0018208905444914159,98.92335361048028
2019-07-30,275.33721923828125,1,-0.0024547645341033153,98.68052007044271
2019-07-31,272.324951171875,1,-0.010940286513896225,97.60092690753179
2019-08-01,269.9534606933594,1,-0.008708311406320224,96.7509876424755
2019-08-02,267.9208679199219,0,-0.007529419212544686,96.02250889728757
2019-08-05,259.8636474609375,0,-0.0,96.02250889728757
2019-08-06,263.50775146484375,0,0.0,96.02250889728757
2019-08-07,263.6633605957031,0,0.0,96.02250889728757
2019-08-08,268.83648681640625,0,0.0,96.02250889728757
2019-08-09,267.00531005859375,0,-0.0,96.02250889728757
2019-08-12,263.75494384765625,0,-0.0,96.02250889728757
2019-08-13,267.8567810058594,0,0.0,96.02250889728757
2019-08-14,259.93701171875,0,-0.0,96.02250889728757
2019-08-15,260.6236877441406,0,0.0,96.02250889728757
2019-08-16,264.46905517578125,0,0.0,96.02250889728757
2019-08-19,267.6552734375,0,0.0,96.02250889728757
2019-08-20,265.6044921875,0,-0.0,96.02250889728757
2019-08-21,267.7652893066406,0,0.0,96.02250889728757
2019-08-22,267.6828308105469,0,-0.0,96.02250889728757
2019-08-23,260.8067626953125,0,-0.0,96.02250889728757
2019-08-26,263.6908264160156,0,0.0,96.02250889728757
2019-08-27,262.65625,0,-0.0,96.02250889728757
2019-08-28,264.5057373046875,0,0.0,96.02250889728757
2019-08-29,267.8841857910156,0,0.0,96.02250889728757
2019-08-30,267.7652893066406,1,-0.0,96.02250889728757
2019-09-03,266.1996154785156,1,-0.005847187408716037,95.46104729231001
2019-09-04,269.2210388183594,1,0.011350216770270372,96.54455087219476
2019-09-05,272.6820373535156,1,0.012855602037444624,97.78568919709153
2019-09-06,272.8925476074219,1,0.0007719989770844649,97.86117964912519
2019-09-09,273.0299072265625,1,0.0005033469046513694,97.9104377709871
2019-09-10,272.9658203125,1,-0.00023472488678433212,97.8874557545663
2019-09-11,274.9068298339844,1,0.007110815263472237,98.58351536904834
2019-09-12,275.859130859375,1,0.0034640864541841676,98.92501718924412
2019-09-13,275.6759948730469,1,-0.0006638750211298561,98.85934334136734
2019-09-16,274.824462890625,1,-0.0030888869479333003,98.55397800603892
2019-09-17,275.5202941894531,1,0.0025319117938384927,98.80350798528211
2019-09-18,275.6850891113281,1,0.000598122625993236,98.8626045989356
2019-09-19,275.6667785644531,1,-6.64183432409482e-05,98.85603830852966
2019-09-20,274.3643493652344,1,-0.0047246505581891585,98.3889780719549
2019-09-23,274.2999572753906,1,-0.00023469554259769598,98.36588661736066
2019-09-24,272.14752197265625,1,-0.007847012898268058,97.59400823632465
2019-09-25,273.7572021484375,1,0.005914733906498659,98.17125082591116
2019-09-26,273.1870422363281,1,-0.002082721139881505,97.96678748648743
2019-09-27,271.7153625488281,0,-0.005387077203416135,97.43903283892705
2019-09-30,272.9754333496094,0,0.0,97.43903283892705
2019-10-01,269.7284240722656,0,-0.0,97.43903283892705
2019-10-02,264.9637756347656,0,-0.0,97.43903283892705
2019-10-03,267.1345520019531,0,0.0,97.43903283892705
2019-10-04,270.74951171875,0,0.0,97.43903283892705
2019-10-07,269.5812683105469,0,-0.0,97.43903283892705
2019-10-08,265.3961181640625,0,-0.0,97.43903283892705
2019-10-09,267.9164733886719,0,0.0,97.43903283892705
2019-10-10,269.7284240722656,0,0.0,97.43903283892705
2019-10-11,272.5246887207031,0,0.0,97.43903283892705
2019-10-14,272.2211608886719,0,-0.0,97.43903283892705
2019-10-15,274.9162902832031,1,0.0,97.43903283892705
2019-10-16,274.4747314453125,1,-0.0016061574140832091,97.28253041391172
2019-10-17,275.28424072265625,1,0.002949303468049891,97.56944611824213
2019-10-18,274.0792236328125,1,-0.004377355880163858,97.14234992955213
2019-10-21,275.93719482421875,1,0.006778956707405914,97.80087371418023
2019-10-22,275.035888671875,1,-0.003266345274394511,97.48142229249225
2019-10-23,275.83612060546875,1,0.002909554594703989,97.76504981262167
2019-10-24,276.2867431640625,1,0.0016336604415860823,97.92476470707024
2019-10-25,277.418212890625,1,0.004095273314979941,98.32579338285079
2019-10-28,278.9819030761719,1,0.005636580847571793,98.88001466665487
2019-10-29,278.8990783691406,1,-0.0002968820060297306,98.85065896954438
2019-10-30,279.7545471191406,1,0.0030673057616481536,99.15386416534439
2019-10-31,279.00946044921875,1,-0.0026633585676967275,98.88978187169938
2019-11-01,281.5940856933594,1,0.009263575650729772,99.80585484715203
2019-11-04,282.72552490234375,1,0.004017979305916519,100.20687270653718
2019-11-05,282.4128723144531,1,-0.0011058520025689633,100.09605873568348
2019-11-06,282.47711181640625,1,0.00022746662156958308,100.11882724799652
2019-11-07,283.4706115722656,1,0.003517098250795936,100.47095500018219
2019-11-08,284.169677734375,1,0.00246609748443416,100.71872616956684
2019-11-11,283.62689208984375,1,-0.0019100758703699539,100.52634576101593
2019-11-12,284.2248840332031,1,0.0021083753340636058,100.73829302884201
2019-11-13,284.3167724609375,1,0.000323294802448304,100.77086119538575
2019-11-14,284.730712890625,1,0.0014559128049485004,100.9175747825658
2019-11-15,286.7911376953125,1,0.007236398152379753,101.64785453426501
2019-11-18,287.0026550292969,1,0.0007375309282013909,101.72282297076936
2019-11-19,286.9199523925781,1,-0.00028815983151897484,101.69351053924048
2019-11-20,285.8529357910156,1,-0.003718865114345715,101.31532609054075
2019-11-21,285.3930358886719,1,-0.0016088689139088785,101.15232301189114
2019-11-22,286.02764892578125,1,0.002223645840317312,101.37724995419497
2019-11-25,288.2444763183594,1,0.007750395463179016,102.16296373230954
2019-11-26,288.89752197265625,1,0.0022655964223079472,102.39442377743381
2019-11-27,290.185302734375,1,0.004457569427821717,102.85085403044354
2019-11-29,289.10906982421875,1,-0.0037087781497375794,102.46940303033358
2019-12-02,286.6531982421875,1,-0.008494619637925749,101.59896442706557
2019-12-03,284.730712890625,1,-0.006706659347781696,100.91757478256585
2019-12-04,286.48760986328125,1,0.0061703809709181545,101.5402746656354
2019-12-05,287.0026550292969,1,0.001797792114854202,101.7228229707694
2019-12-06,289.624267578125,1,0.00913445399507018,102.65200541744457
2019-12-09,288.71356201171875,1,-0.003144438047342102,102.32922254597399
2019-12-10,288.39166259765625,1,-0.0011149438627667818,102.21513120731464
2019-12-11,289.2102966308594,1,0.002838618931731096,102.50528101386911
2019-12-12,291.70294189453125,1,0.00861879847539937,103.38875337359184
2019-12-13,291.8777770996094,1,0.0005993604450562628,103.45072050282764
2019-12-16,293.8829650878906,1,0.006869957720682995,104.16142257885626
2019-12-17,293.9473876953125,1,0.00021921177841188744,104.18425598954168
2019-12-18,293.96575927734375,1,6.249955876547197e-05,104.19076745957135
2019-12-19,295.17071533203125,1,0.004098967368341366,104.61784201547057
2019-12-20,296.4648132324219,1,0.004384235404026882,105.07651126232768
2019-12-23,296.9176940917969,1,0.0015276040837262084,105.23702657003572
2019-12-24,296.9269714355469,1,3.1245506531218936e-05,105.24031475423673
2019-12-26,298.50762939453125,1,0.00532338962453438,105.80054995388217
2019-12-27,298.4335021972656,1,-0.0002483259721568487,105.77427692946016
2019-12-30,296.788330078125,1,-0.005512692465918789,105.19117586994311
2019-12-31,297.50927734375,1,0.002429163119167299,105.44670239482821
2020-01-02,300.29156494140625,1,0.009351935584992033,106.43283316327448
2020-01-03,298.0177307128906,1,-0.007572088243501973,105.62691435855625
2020-01-06,299.1546630859375,1,0.003814982317754012,106.02987916911306
2020-01-07,298.3134765625,1,-0.002811878360043707,105.73173604635939
2020-01-08,299.9033508300781,1,0.005329542218133865,106.29523779741506
2020-01-09,301.9368896484375,1,0.006780647207611734,107.01598830476853
2020-01-10,301.0680847167969,1,-0.0028774388338311807,106.70805634417957
2020-01-13,303.1385192871094,1,0.006876964631638227,107.44188387356934
2020-01-14,302.6763610839844,1,-0.0015245776228367536,107.27808038166027
2020-01-15,303.3603820800781,1,0.002259908879715722,107.52051906811364
2020-01-16,305.88385009765625,1,0.008318383568332921,108.41491598718846
2020-01-17,306.8359069824219,1,0.0031124784275524675,108.75235507442352
2020-01-21,306.2351379394531,1,-0.001957948953487887,108.5394235146162
2020-01-22,306.27203369140625,1,0.00012048177162604645,108.5525005366525
2020-01-23,306.6233215332031,1,0.0011469798190939517,108.67700806408023
2020-01-24,303.896484375,1,-0.00889311727682085,107.71053068607235
2020-01-27,299.0251770019531,1,-0.01602949564574696,105.98398520343886
2020-01-28,302.1587829589844,1,0.010479405073676507,107.09463431570822
2020-01-29,301.90924072265625,1,-0.0008258645798225883,107.00618865053784
2020-01-30,302.8890380859375,0,0.0032453374429215476,107.35345984118976
2020-01-31,297.3891296386719,0,-0.0,107.35345984118976
2020-02-03,299.59832763671875,0,0.0,107.35345984118976
2020-02-04,304.1645812988281,0,0.0,107.35345984118976
2020-02-05,307.67706298828125,0,0.0,107.35345984118976
2020-02-06,308.71240234375,0,0.0,107.35345984118976
2020-02-07,307.0670166015625,1,-0.0,107.35345984118976
2020-02-10,309.359375,1,0.00746533582085096,108.15488947043448
2020-02-11,309.8954772949219,1,0.0017329434251729392,108.34231577504256
2020-02-12,311.8921203613281,1,0.006442956456915505,109.04036059802256
2020-02-13,311.55926513671875,1,-0.001067212676690188,108.92399134292148
2020-02-14,312.0584716796875,1,0.0016022843767771189,109.09851855250645
2020-02-18,311.2543029785156,1,-0.0025769808358137025,108.81737376098097
2020-02-19,312.74249267578125,1,0.004781266260496908,109.33765859870024
2020-02-20,311.4577331542969,1,-0.004108042723878547,108.88849482584793
2020-02-21,308.250244140625,1,-0.010298312330176973,107.76712709696848
2020-02-24,298.0270080566406,1,-0.033165378708736704,104.19298951444496
2020-02-25,288.9960632324219,0,-0.030302437631767876,101.03568794801605
2020-02-26,287.9330749511719,0,-0.0,101.03568794801605
2020-02-27,275.00152587890625,-1,-0.0,101.03568794801605
2020-02-28,273.8460998535156,-1,0.0042015258704397596,101.46019200476732
2020-03-02,285.7054443359375,0,-0.04330660355858873,97.06629569263858
2020-03-03,277.5249328613281,-1,-0.0,97.06629569263858
2020-03-04,289.1901550292969,0,-0.04203306004868956,92.98630225708604
2020-03-05,279.57696533203125,-1,-0.0,92.98630225708604
2020-03-06,274.95526123046875,-1,0.016531061835060923,94.52346456951159
2020-03-09,253.48284912109375,-1,0.07809420344707185,101.90519924212511
2020-03-10,266.5992736816406,-1,-0.05174482062997843,96.63213298607913
2020-03-11,253.6029815673828,-1,0.04874841530805263,101.34279633698749
2020-03-12,229.3389587402344,-1,0.09567719857702628,111.03899118647256
2020-03-13,248.9442901611328,-1,-0.08548626682789129,101.54668235760589
2020-03-16,221.70388793945312,-1,0.10942368754088694,112.65829479871825
2020-03-17,233.67410278320312,-1,-0.05399190314163116,106.57565905784452
2020-03-18,221.84249877929688,-1,0.05063292792390994,111.97189672136356
2020-03-19,222.31393432617188,-1,-0.00212509122223703,111.73394622650376
2020-03-20,212.7334899902344,-1,0.04309421433692662,116.54903285389935
2020-03-23,207.2942657470703,-1,0.02556825558314202,119.52898831387586
2020-03-24,226.07582092285156,-1,-0.09060335127020602,108.69926139870141
2020-03-25,229.4602203369141,-1,-0.014970196283031312,107.07201211974231
2020-03-26,242.8583221435547,-1,-0.058389649356077156,100.82011487622091
2020-03-27,235.6246795654297,-1,0.02978544245170711,103.8230866058411
2020-03-30,243.27671813964844,-1,-0.03247553943980597,100.45137586201072
2020-03-31,239.65057373046875,-1,0.014905431300245353,101.94864694393706
2020-04-01,228.86517333984375,-1,0.04500469255189499,106.53681445573065
2020-04-02,234.1462860107422,-1,-0.023075213208854972,104.07845474757245
2020-04-03,230.76193237304688,1,0.014454013750788475,105.58280616365468
2020-04-06,246.26136779785156,1,0.06716634440271751,112.67441728544807
2020-04-07,246.5123748779297,1,0.0010192710384202552,112.789263055758
2020-04-08,254.78744506835935,1,0.03356857924283685,116.5754383703864
2020-04-09,258.66461181640625,1,0.015217259810453632,118.3493971035861
2020-04-13,256.3029479980469,1,-0.009130216158194981,117.2688415258383
2020-04-14,263.86199951171875,1,0.029492643657494932,120.72740968108708
2020-04-15,258.25555419921875,1,-0.021247642035893133,118.16223689626273
2020-04-16,259.50140380859375,1,0.004824096090549013,118.73226288132453
2020-04-17,266.5119323730469,1,0.027015378188952166,121.93985986629359
2020-04-20,261.8165588378906,1,-0.017617873591430633,119.79153882941247
2020-04-21,253.8669586181641,1,-0.030363244612991447,116.15427903336834
2020-04-22,259.50140380859375,1,0.02219448021553805,118.73226288132453
2020-04-23,259.4827575683594,1,-7.185410159915584e-05,118.72373148124436
2020-04-24,263.09954833984375,1,0.013938462830354048,120.37855779957663
2020-04-27,266.8931884765625,1,0.014419029453515142,122.11429977006038
2020-04-28,265.6657409667969,1,-0.004599021491600963,121.55269348098608
2020-04-29,272.62054443359375,1,0.02617877428036941,124.73479400679575
2020-04-30,270.0822448730469,1,-0.009310742027239916,123.57342051797755
2020-05-01,262.9322204589844,1,-0.0264735077917595,120.30199860704049
2020-05-04,263.657470703125,1,0.002758316355730761,120.63382957742539
2020-05-05,266.093505859375,1,0.009239393633541093,121.74841301441273
2020-05-06,264.289794921875,1,-0.006778485373683751,120.92314317752533
2020-05-07,267.47882080078125,1,0.012066398098530273,122.38224996243092
2020-05-08,271.9046630859375,1,0.016546514867630036,124.4072496809683
2020-05-11,271.96044921875,1,0.00020516798858594143,124.43277406615086
2020-05-12,266.5398254394531,1,-0.019931662103325976,121.95262205888484
2020-05-13,261.8258361816406,1,-0.01768587208324457,119.79578358493512
2020-05-14,264.95916748046875,1,0.011967234954820771,121.22940787369289
2020-05-15,266.17718505859375,1,0.004597001076457552,121.78669959218658
2020-05-18,274.2848205566406,1,0.03045954331608902,125.49626684373831
2020-05-19,271.4676513671875,1,-0.01027096280332207,124.2072993550305
2020-05-20,276.0793151855469,1,0.016987894488104782,126.3173198511262
2020-05-21,274.17327880859375,1,-0.006903944888707492,125.44523203638478
2020-05-22,274.6940002441406,1,0.0018992421063410703,125.683482903108
2020-05-26,278.0783386230469,1,0.012320394241950527,127.23195296217573
2020-05-27,282.2158203125,1,0.014878834899332949,129.12501618421965
2020-05-28,281.69525146484375,1,-0.0018445771292332491,128.88683513255435
2020-05-29,282.95050048828125,1,0.004456053188366171,129.46116172518518
2020-06-01,284.0940856933594,1,0.0040416440441159995,129.98439765841613
2020-06-02,286.4463195800781,1,0.008279770699829658,131.0606386655833
2020-06-03,290.2584533691406,1,0.013308370638697609,132.80484222108927
2020-06-04,289.4960632324219,1,-0.0026265906397191507,132.45601826560198
2020-06-05,296.91571044921875,1,0.025629527165072385,135.85080338391754
2020-06-08,300.50469970703125,1,0.012087569406086685,137.49290939869329
2020-06-09,298.2638854980469,1,-0.007456835820434771,136.46764734683333
2020-06-10,296.599609375,1,-0.005579878101124591,135.70617450989073
2020-06-11,279.5009765625,1,-0.057648871650676003,127.8828666733658
2020-06-12,282.84820556640625,1,0.01197573276871089,129.4143577103427
2020-06-15,285.4886779785156,1,0.00933529843974723,130.62247936195698
2020-06-16,290.9837341308594,1,0.019247895192387565,133.1366871544857
2020-06-17,289.77496337890625,0,-0.004154083579838597,132.58362622850316
2020-06-18,289.8865966796875,1,0.0,132.58362622850316
2020-06-19,288.2298889160156,1,-0.0057150202273837936,131.82590812278738
2020-06-22,290.07891845703125,1,0.006415120749515335,132.6715872413096
2020-06-23,291.4144287109375,1,0.004603954885828987,133.28240124359988
2020-06-24,283.9808044433594,0,-0.025508772164990368,129.88253083667408
2020-06-25,287.0252685546875,0,0.0,129.88253083667408
2020-06-26,280.2080078125,0,-0.0,129.88253083667408
2020-06-29,284.3262634277344,0,0.0,129.88253083667408
2020-06-30,287.9683532714844,0,0.0,129.88253083667408
2020-07-01,289.9855651855469,0,0.0,129.88253083667408
2020-07-02,291.5824890136719,0,0.0,129.88253083667408
2020-07-06,296.083740234375,1,0.0,129.88253083667408
2020-07-07,293.030029296875,1,-0.01031367320300236,128.54296485884572
2020-07-08,295.2712707519531,1,0.007648504354505814,129.52612628530972
2020-07-09,293.5903015136719,1,-0.0056929657734746675,128.78873848159668
2020-07-10,296.5880432128906,1,0.010210629178699637,130.1037525326248
2020-07-13,294.0198669433594,1,-0.0086590687935717,128.97717518914297
2020-07-14,297.8300476074219,1,0.012958922482597002,130.64858040444344
2020-07-15,300.56634521484375,1,0.009187446429275825,131.8489072379702
2020-07-16,299.5763854980469,1,-0.003293647916865927,131.4146433593048
2020-07-17,300.4449157714844,1,0.0028991947145418084,131.7956399987455
2020-07-20,302.87298583984375,1,0.008081581484328249,132.86075720267453
2020-07-21,303.5173645019531,1,0.0021275540977105933,133.143425651086
2020-07-22,305.24493408203125,1,0.005691831117843771,133.90125554434317
2020-07-23,301.6029052734375,1,-0.011931496322933222,132.3036132061797
2020-07-24,299.66046142578125,1,-0.006440401646314431,131.4515247978733
2020-07-27,301.8457336425781,1,0.0072924943330840986,132.41013429753704
2020-07-28,299.9312438964844,1,-0.00634260992524327,131.5703084655387
2020-07-29,303.62005615234375,1,0.012298859591741929,133.18847321579855
2020-07-30,302.5368347167969,1,-0.003567687356606508,132.7132983838608
2020-07-31,304.92742919921875,1,0.00790182949015028,133.7619762387655
2020-08-03,307.0473937988281,1,0.006952357828801103,134.69193736146502
2020-08-04,308.2333679199219,1,0.0038625116025925443,135.21218653229934
2020-08-05,310.1478576660156,1,0.006211169669959604,136.05201236429767
2020-08-06,312.220947265625,1,0.006684197708828998,136.9614109136247
2020-08-07,312.44512939453125,1,0.0007180239854807091,137.05975249174594
2020-08-10,313.3790283203125,1,0.002989001389111179,137.46942428233498
2020-08-11,310.792236328125,1,-0.008254515326224898,136.33468081270914
2020-08-12,315.1253662109375,1,0.013942207611124857,138.23548723719637
2020-08-13,314.5556640625,1,-0.0018078587429745108,137.98557700300526
2020-08-14,314.5650634765625,1,2.9881560360767168e-05,137.9897002273534
2020-08-17,315.5642395019531,1,0.0031763731621934355,138.42800700781467
2020-08-18,316.2460021972656,1,0.0021604561289596536,138.7270746439744
2020-08-19,314.9291687011719,1,-0.0041639530205739295,138.14942162247522
2020-08-20,315.9098205566406,1,0.0031138806847048617,138.5796024380686
2020-08-21,317.0304870605469,1,0.0035474253441427628,139.07120323193863
2020-08-24,320.2430114746094,1,0.010133171872044544,140.48043563673988
2020-08-25,321.3636169433594,1,0.0034992347329922957,140.97200965642585
2020-08-26,324.5854797363281,1,0.01002559911297185,142.38533851139118
2020-08-27,325.2951965332031,1,0.0021865327970047588,142.69666872385895
2020-08-28,327.39642333984375,1,0.006459446155474113,143.61841017204625
2020-08-31,326.21044921875,1,-0.0036224406760323458,143.09816100121193
2020-09-01,329.28289794921875,1,0.009418609176459647,144.44594665355243
2020-09-02,334.0456237792969,1,0.014463933170354437,146.535203172678
2020-09-03,322.5496520996094,1,-0.034414375945493236,141.49228560144422
2020-09-04,319.9161376953125,1,-0.00816467910336982,140.3370464939061
2020-09-08,311.175048828125,1,-0.027323063257010505,136.50260849525105
2020-09-09,317.3199768066406,1,0.019747495828014605,139.19819318702415
2020-09-10,311.8101501464844,0,-0.017363629972510952,136.78120726768256
2020-09-11,311.9688720703125,0,0.0,136.78120726768256
2020-09-14,316.077880859375,0,0.0,136.78120726768256
2020-09-15,317.67486572265625,0,0.0,136.78120726768256
2020-09-16,316.4140930175781,0,-0.0,136.78120726768256
2020-09-17,313.6311950683594,0,-0.0,136.78120726768256
2020-09-18,310.0204772949219,0,-0.0,136.78120726768256
2020-09-21,306.5699768066406,0,-0.0,136.78120726768256
2020-09-22,309.6922607421875,0,0.0,136.78120726768256
2020-09-23,302.5101623535156,0,-0.0,136.78120726768256
2020-09-24,303.3165283203125,0,0.0,136.78120726768256
2020-09-25,308.22027587890625,0,0.0,136.78120726768256
2020-09-28,313.3396301269531,0,0.0,136.78120726768256
2020-09-29,311.6330871582031,0,-0.0,136.78120726768256
2020-09-30,313.995849609375,0,0.0,136.78120726768256
2020-10-01,316.01171875,0,0.0,136.78120726768256
2020-10-02,313.01141357421875,1,-0.0,136.78120726768256
2020-10-05,318.5620422363281,1,0.017732991262931153,139.20674722109356
2020-10-06,314.03338623046875,1,-0.01421593098182028,137.2277937103948
2020-10-07,319.49969482421875,1,0.017406775309356082,139.61648708171032
2020-10-08,322.33123779296875,1,0.00886242777260815,140.85382811433723
2020-10-09,325.209716796875,1,0.00893018940272583,142.11167947749726
2020-10-12,330.4416198730469,1,0.016087782147787832,144.3979412175875
2020-10-13,328.2850646972656,1,-0.006526281939332579,143.45555954174233
2020-10-14,326.2223205566406,1,-0.006283393192216047,142.55417185553222
2020-10-15,325.81915283203125,1,-0.0012358679930957184,142.37799371725367
2020-10-16,325.6222229003906,1,-0.0006044148415735862,142.2919383447375
2020-10-19,320.6717224121094,1,-0.015203202177621722,140.12864523783676
2020-10-20,321.9562072753906,1,0.004005606897980574,140.68994550580612
2020-10-21,321.34674072265625,1,-0.00189301072307968,140.42361793033413
2020-10-22,323.1094665527344,1,0.005485432421421299,141.19390219686247
2020-10-23,324.2064514160156,1,0.003395087352237036,141.67326782842403
2020-10-26,318.2151794433594,1,-0.018479804909768305,139.0551734780254
2020-10-27,317.1181640625,0,-0.0034474011666518756,138.5757945107483
2020-10-28,306.2793273925781,0,-0.0,138.5757945107483
2020-10-29,309.39227294921875,0,0.0,138.5757945107483
2020-10-30,306.1668395996094,0,-0.0,138.5757945107483
2020-11-02,309.5985107421875,0,0.0,138.5757945107483
2020-11-03,315.06475830078125,0,0.0,138.5757945107483
2020-11-04,322.10626220703125,0,0.0,138.5757945107483
2020-11-05,328.38818359375,0,0.0,138.5757945107483
2020-11-06,328.3132019042969,1,-0.0,138.5757945107483
2020-11-09,332.43865966796875,1,0.01256561642889542,140.31708479089977
2020-11-10,331.95111083984375,1,-0.0014665828234656786,140.11129816450668
2020-11-11,334.4170837402344,1,0.007428723145862293,141.15214620817815
2020-11-12,331.1728515625,1,-0.009701155639089354,139.78280726902113
2020-11-13,335.7578125,1,0.013844615933545912,141.7180465497736
2020-11-16,339.9488830566406,1,0.012482421556879286,143.4870309490253
2020-11-17,338.1205139160156,1,-0.005378364900585297,142.71530533807987
2020-11-18,334.0513610839844,1,-0.012034622758919533,140.99778047641206
2020-11-19,335.4577331542969,1,0.004210047418303775,141.59138781809335
2020-11-20,333.16058349609375,1,-0.006847806537661594,140.62179738691603
2020-11-23,335.15777587890625,1,0.0059946838904365585,141.4647806103556
2020-11-24,340.5583801269531,1,0.016113617635409305,143.74428999398793
2020-11-25,340.03338623046875,1,-0.001541567986929837,143.52269839822924
2020-11-27,340.98028564453125,1,0.0027847248311692052,143.9223696202952
2020-11-30,339.470703125,1,-0.004427184160156972,143.28519878522
2020-12-01,343.1836242675781,1,0.010937383133209355,144.852363901652
2020-12-02,343.9055480957031,1,0.002103608031023496,145.15707649766827
2020-12-03,343.81182861328125,1,-0.0002725151802314141,145.11751899080465
2020-12-04,346.774658203125,1,0.008617590621573301,146.3680823614858
2020-12-07,346.0620422363281,1,-0.002054982825127505,146.0672984660861
2020-12-08,347.07476806640625,1,0.002926428519966162,146.49475397415165
2020-12-09,343.9618835449219,1,-0.00896891623331364,145.1808547971376
2020-12-10,343.849365234375,1,-0.000327124358627362,145.13336260312713
2020-12-11,343.4461975097656,1,-0.0011725126330670577,144.96319190199546
2020-12-14,341.90850830078125,1,-0.0044772346298597165,144.31415767915684
2020-12-15,346.53094482421875,1,0.013519513001914119,146.26521481026046
2020-12-16,347.07476806640625,1,0.0015693352940338023,146.49475397415165
2020-12-17,349.0155944824219,1,0.005591954802212307,147.3139460171363
2020-12-18,347.6220397949219,1,-0.003992814961654045,146.7257486894188
2020-12-21,346.379150390625,1,-0.0035754044968786536,146.20114478774676
2020-12-22,345.7952880859375,1,-0.0016856161926289692,145.95470577071163
2020-12-23,346.1060485839844,1,0.0008986834371487173,146.08587284736168
2020-12-24,347.4525451660156,1,0.0038904162106965234,146.6542076952408
2020-12-28,350.4373779296875,1,0.008590619942777211,147.91405825655974
2020-12-29,349.7688903808594,1,-0.0019075806147660357,147.63190026637815
2020-12-30,350.2679138183594,1,0.001426723334246871,147.8425301433674
2020-12-31,352.0475769042969,1,0.005080862436233291,148.59369770125053
2021-01-04,347.25482177734375,1,-0.013613941527727103,146.57075178935693
2021-01-05,349.6464538574219,1,0.006887253768967483,147.5802217520386
2021-01-06,351.7367858886719,1,0.005978416220695948,148.4625177436149
2021-01-07,356.9627380371094,1,0.014857564969310788,150.6683092464981
2021-01-08,358.99658203125,1,0.005697636692626462,151.52676253367693
2021-01-11,356.57672119140625,1,-0.006740623618620156,150.5053776592894
2021-01-12,356.65203857421875,1,0.00021122349928193174,150.53716793181934
2021-01-13,357.6123962402344,1,0.002692702023672222,150.94251966854725
2021-01-14,356.3601379394531,1,-0.003501719498392397,150.41396130428743
2021-01-15,353.76129150390625,1,-0.007292752917242518,149.31702944919155
2021-01-19,356.53900146484375,1,0.007851933005809997,150.48945676105316
2021-01-20,361.4731140136719,1,0.0138389139156061,152.5720673983757
2021-01-21,361.8025817871094,1,0.0009114585861702551,152.7111305192157
2021-01-22,360.5220031738281,1,-0.0035394402299615546,152.1706186002931
2021-01-25,361.94378662109375,1,0.003943680093722701,152.77073083971652
2021-01-26,361.3788757324219,1,-0.001560769681793861,152.53229091475643
2021-01-27,352.54656982421875,1,-0.0244405705516193,148.8043146972542
2021-01-28,355.5785827636719,1,0.00860031893365143,150.084079262354
2021-01-29,348.4600524902344,1,-0.020019569846164487,147.079460554764
2021-02-01,354.26031494140625,0,0.016645415764937388,149.52765932618078
2021-02-02,359.26971435546875,0,0.0,149.52765932618078
2021-02-03,359.55218505859375,0,0.0,149.52765932618078
2021-02-04,363.6387023925781,0,0.0,149.52765932618078
2021-02-05,365.0699462890625,1,0.0,149.52765932618078
2021-02-08,367.7064514160156,1,0.007221917755085627,150.6075357839449
2021-02-09,367.4616394042969,1,-0.0006657811163660599,150.50726413063757
2021-02-10,367.3015441894531,1,-0.0004356787149354391,150.44169131921268
2021-02-11,367.894775390625,1,0.0016151067441902978,150.68467070946974
2021-02-12,369.7120971679687,1,0.004939786860017392,151.4290208658464
2021-02-16,369.3919982910156,1,-0.000865805797010899,151.29791274174508
2021-02-17,369.4767150878906,1,0.00022934118028250516,151.33261158362757
2021-02-18,367.9042053222656,1,-0.004256045648914353,150.68853308055822
2021-02-19,367.2545166015625,1,-0.001765918169198466,150.4224294621014
2021-02-22,364.42962646484375,1,-0.007691913942568296,149.26539307964688
2021-02-23,364.8721618652344,1,0.00121432333776883,149.44664952998474
2021-02-24,368.8929443359375,1,0.011019701942041271,151.0935070640419
2021-02-25,360.0041198730469,1,-0.02409594599021636,147.45276607835436
2021-02-26,358.1491394042969,0,-0.00515266455673935,146.69299143678924
2021-03-01,366.830810546875,0,0.0,146.69299143678924
2021-03-02,363.96832275390625,0,-0.0,146.69299143678924
2021-03-03,359.14727783203125,0,-0.0,146.69299143678924
2021-03-04,354.7029113769531,0,-0.0,146.69299143678924
2021-03-05,361.2281799316406,0,0.0,146.69299143678924
2021-03-08,359.4298095703125,0,-0.0,146.69299143678924
2021-03-09,364.5614929199219,0,0.0,146.69299143678924
2021-03-10,366.830810546875,0,0.0,146.69299143678924
2021-03-11,370.5500793457031,0,0.0,146.69299143678924
2021-03-12,371.0491943359375,1,0.0,146.69299143678924
2021-03-15,373.261962890625,1,0.005963544965102763,147.56780168728798
2021-03-16,372.7911376953125,1,-0.0012613800550860255,147.38166260546674
2021-03-17,374.0623168945313,1,0.003409896509551036,147.88421882235696
2021-03-18,368.6198425292969,1,-0.014549646193762311,145.73255576085074
2021-03-19,367.9378051757813,1,-0.0018502459033017393,145.46291469657652
2021-03-22,370.8757019042969,1,0.007984764509621378,146.62440181531184
2021-03-23,367.9566955566406,1,-0.007870578559523667,145.47038294208127
2021-03-24,366.0861206054687,1,-0.0050836823293625155,144.730857726873
2021-03-25,368.1456604003906,1,0.005625834138468955,145.54508952716276
2021-03-26,374.0782165527344,1,0.016114698040692765,147.89050469619858
2021-03-29,373.8892517089844,1,-0.0005051479487134802,147.8157981111171
2021-03-30,372.8973693847656,1,-0.0026528773418466045,147.42366092954114
2021-03-31,374.4089050292969,1,0.004053489696173251,148.02124122009118
2021-04-01,378.4521484375,1,0.010799004387694211,149.61972325349888
2021-04-05,383.8841247558594,1,0.01435313907130964,151.7672359491672
2021-04-06,383.6573791503906,1,-0.0005906615846981156,151.67759287307624
2021-04-07,384.1014099121094,1,0.0011573627560665933,151.85313886999737
2021-04-08,385.9245910644531,1,0.004746614058930287,152.57392711385037
2021-04-09,388.7303466796875,1,0.00727021723983845,153.68317270910333
2021-04-12,388.8721008300781,1,0.000364659336739237,153.73921471293144
2021-04-13,390.0246276855469,1,0.002963768429282032,154.19486214384023
2021-04-14,388.692626953125,1,-0.0034151708324834384,153.6682603481278
2021-04-15,392.86810302734375,1,0.010742359861439565,155.31902010006877
2021-04-16,394.1812744140625,1,0.0033425248234706384,155.8381777803104
2021-04-19,392.2446594238281,1,-0.00491300606075995,155.07254386837795
2021-04-20,389.3727722167969,1,-0.007321673190528011,153.93715338134984
2021-04-21,393.05706787109375,1,0.009462129653599716,155.39372668515026
2021-04-22,389.4672546386719,1,-0.009133058595957366,153.97450667389057
2021-04-23,393.6899719238281,1,0.010842290936817989,155.64394307210193
2021-04-26,394.5119018554687,1,0.0020877593798593885,155.96889017416902
2021-04-27,394.42681884765625,1,-0.00021566651706139695,155.93525290685523
2021-04-28,394.3134765625,1,-0.00028735947897096104,155.8904434338267
2021-04-29,396.8263549804687,1,0.006372793645997632,156.88390106121355
2021-04-30,394.2190551757813,1,-0.006570379643296875,155.85311427131995
2021-05-03,395.0693054199219,1,0.002156796413002926,156.1892577091357
2021-05-04,392.6319580078125,1,-0.006169417311523873,155.22566099875087
2021-05-05,392.7547607421875,1,0.00031276805637037164,155.27421062704028
2021-05-06,395.8910827636719,1,0.007985446224910708,156.51414448611797
2021-05-07,398.7724304199219,1,0.007278132248232705,157.65327512840693
2021-05-10,394.8236389160156,1,-0.00990236837523606,156.092134322523
2021-05-11,391.2999267578125,1,-0.00892477504102196,154.69904713802148
2021-05-12,382.9866638183594,0,-0.021245245324562623,151.41242793009815
2021-05-13,387.5873107910156,0,0.0,151.41242793009815
2021-05-14,393.5388488769531,0,0.0,151.41242793009815
2021-05-17,392.5374450683594,0,-0.0,151.41242793009815
2021-05-18,389.1555480957031,0,-0.0,151.41242793009815
2021-05-19,388.1352233886719,0,-0.0,151.41242793009815
2021-05-20,392.3107604980469,0,0.0,151.41242793009815
2021-05-21,391.9895324707031,0,-0.0,151.41242793009815
2021-05-24,395.9856567382813,0,0.0,151.41242793009815
2021-05-25,395.1070556640625,0,-0.0,151.41242793009815
2021-05-26,395.8910827636719,1,0.0,151.41242793009815
2021-05-27,396.0989379882813,1,0.0005250313373021953,151.49192419961847
2021-05-28,396.8075256347656,1,0.0017889157948343115,151.762930495609
2021-06-01,396.4580078125,1,-0.000880824580397066,151.6292539760354
2021-06-02,397.0814208984375,1,0.001572456788998311,151.86768442586074
2021-06-03,395.6076965332031,1,-0.0037113908827562936,151.3040440864973
2021-06-04,399.2258911132813,1,0.009145915541545868,152.68785809480673
2021-06-07,398.8385620117187,1,-0.000970200355699613,152.53972028057214
2021-06-08,398.923583984375,1,0.00021317390231145872,152.57223776800186
2021-06-09,398.3284301757813,1,-0.0014918992821868482,152.34461535599414
2021-06-10,400.1800537109375,1,0.004648484503953387,153.05278693973722
2021-06-11,400.84130859375,1,0.0016523934081185132,153.3056903559706
2021-06-14,401.7388000488281,1,0.0022390193720969176,153.6489447665303
2021-06-15,401.0019226074219,1,-0.0018342202478741632,153.36711876097505
2021-06-16,398.7629089355469,1,-0.005583548471080446,152.5107860195032
2021-06-17,398.6306762695313,1,-0.0003316072359100808,152.46021233930477
2021-06-18,393.2530517578125,1,-0.013490242552439136,150.40348709525117
2021-06-21,398.8828125,1,0.014315872990744438,152.55664431387186
2021-06-22,401.0153198242187,0,0.005346200080302177,153.3722426579533
2021-06-23,400.531982421875,1,-0.0,153.3722426579533
2021-06-24,402.9013977050781,1,0.005915670626041258,154.27954232869502
2021-06-25,404.33258056640625,1,0.0035521913537162053,154.82757278501032
2021-06-28,405.1476440429687,1,0.0020158243874897064,155.13967798208617
2021-06-29,405.3656921386719,1,0.0005381941593618489,155.2231732506614
2021-06-30,405.7068786621094,1,0.0008416758745355413,155.35382085075534
2021-07-01,407.9531555175781,1,0.005536698965707076,156.21396818997835
2021-07-02,411.0713195800781,1,0.007643436557180028,157.40797974518378
2021-07-06,410.3225402832031,1,-0.0018215313528560095,157.1212561748882
2021-07-07,411.7726440429687,1,0.0035340582527216835,157.67653184695106
2021-07-08,408.41754150390625,1,-0.00814794908695371,156.3917914932547
2021-07-09,412.7773132324219,1,0.010674790589213501,158.0612411173171
2021-07-12,414.2558898925781,1,0.003582020166219113,158.62741967049695
2021-07-13,412.8435974121094,1,-0.003409227279387528,158.08662274409744
2021-07-14,413.4596557617187,1,0.0014922318124128697,158.32252463167308
2021-07-15,412.0475769042969,1,-0.0034152760438508345,157.78180950609655
2021-07-16,408.8156127929687,1,-0.007843667315337366,156.5442214839188
2021-07-19,402.7781982421875,1,-0.014768062573575547,154.2323666255126
2021-07-20,408.5501403808594,1,0.014330324143317252,156.44256643264717
2021-07-21,411.8580017089844,1,0.008096585954030955,157.70921711863826
2021-07-22,412.720458984375,0,0.002094064633470616,158.03947041257877
2021-07-23,416.9664916992187,1,0.0,158.03947041257877
2021-07-26,417.9900817871094,1,0.0024548497499627953,158.42743356700532
2021-07-27,416.0850830078125,1,-0.004557521487476679,157.70539713431793
2021-07-28,415.91448974609375,1,-0.00040999610100311834,157.64073853638573
2021-07-29,417.6393737792969,1,0.004147208322210938,158.2945075191633
2021-07-30,415.6112060546875,1,-0.004856265601243748,157.52578734743216
2021-08-02,414.7391662597656,1,-0.0020982104962952164,157.19526508698263
2021-08-03,418.11328125,1,0.008135510857735229,158.47412887288235
2021-08-04,416.056640625,1,-0.0049188598335154765,157.69461684571817
2021-08-05,418.6914367675781,1,0.006332782331319509,158.69326252902295
2021-08-06,419.3833312988281,1,0.0016525165563252564,158.95550577272942
2021-08-09,419.0421142578125,1,-0.0008136161252734198,158.82617701003173
2021-08-10,419.5633850097656,1,0.001243957908327209,159.02375008897275
2021-08-11,420.60595703125,1,0.0024848975357087966,159.41890781368798
2021-08-12,421.8665161132813,1,0.002997007201059887,159.89668742839072
2021-08-13,422.63427734375,1,0.0018199150706299516,160.18768581958545
2021-08-16,423.62945556640625,1,0.0023547030517991896,160.56488025224547
2021-08-17,420.8523864746094,1,-0.00655542020345079,159.51230999227525
2021-08-18,416.2461853027344,1,-0.010944932997672074,157.7664584471059
2021-08-19,416.890625,1,0.0015482176654590951,158.0107152650906
2021-08-20,420.2078857421875,1,0.007957148813762638,159.268030040624
2021-08-23,423.904296875,1,0.008796624856965085,160.66905115259922
2021-08-24,424.5771789550781,1,0.0015873443252134578,160.92408825918372
2021-08-25,425.4681091308594,1,0.002098393931520004,161.26177038942217
2021-08-26,422.9565124511719,1,-0.005903137334589359,160.30982001199442
2021-08-27,426.7381286621094,1,0.008940910234533916,161.74313572243594
2021-08-30,428.61474609375,1,0.004397585557972317,162.4544150001901
2021-08-31,427.9797668457031,1,-0.0014814685071707911,162.21374390051645
2021-09-01,428.2071533203125,1,0.0005313019264561181,162.29992837514845
2021-09-02,429.5246276855469,1,0.003076721990790343,162.799280133884
2021-09-03,429.42034912109375,1,-0.00024277668317884693,162.75975626462917
2021-09-07,427.8849487304687,1,-0.0035755184722093825,162.1778057495727
2021-09-08,427.3636474609375,1,-0.0012183211189781273,161.98022110379847
2021-09-09,425.5344848632813,1,-0.0042801080731215135,161.28692825176608
2021-09-10,422.1792907714844,1,-0.007884658496889907,160.01523590248854
2021-09-13,423.259765625,1,0.0025592796168214527,160.42475963411465
2021-09-14,420.9755554199219,0,-0.005396709988971349,159.5589937313189
2021-09-15,424.4919128417969,0,0.0,159.5589937313189
2021-09-16,423.8189697265625,0,-0.0,159.5589937313189
2021-09-17,419.6904602050781,0,-0.0,159.5589937313189
2021-09-20,412.6925048828125,0,-0.0,159.5589937313189
2021-09-21,412.30267333984375,0,-0.0,159.5589937313189
2021-09-22,416.3246154785156,0,0.0,159.5589937313189
2021-09-23,421.3829956054687,0,0.0,159.5589937313189
2021-09-24,422.07708740234375,0,0.0,159.5589937313189
2021-09-27,420.8695068359375,0,-0.0,159.5589937313189
2021-09-28,412.38824462890625,0,-0.0,159.5589937313189
2021-09-29,413.0823364257813,0,0.0,159.5589937313189
2021-09-30,408.0334777832031,0,-0.0,159.5589937313189
2021-10-01,412.8826904296875,0,0.0,159.5589937313189
2021-10-04,407.5580749511719,0,-0.0,159.5589937313189
2021-10-05,411.79876708984375,0,0.0,159.5589937313189
2021-10-06,413.5101623535156,0,0.0,159.5589937313189
2021-10-07,417.0852355957031,0,0.0,159.5589937313189
2021-10-08,416.3246154785156,0,-0.0,159.5589937313189
2021-10-11,413.31048583984375,0,-0.0,159.5589937313189
2021-10-12,412.2930908203125,0,-0.0,159.5589937313189
2021-10-13,413.77642822265625,0,0.0,159.5589937313189
2021-10-14,420.7364196777344,1,0.0,159.5589937313189
2021-10-15,423.9407043457031,1,0.007615895648926951,160.7741783774244
2021-10-18,425.19573974609375,1,0.0029604031590400037,161.250134762985
2021-10-19,428.4761047363281,1,0.007714952629095606,162.4941719141167
2021-10-20,430.1589660644531,1,0.003927550006926461,163.1323759001435
2021-10-21,431.281005859375,1,0.002608430565071096,163.55789537559411
2021-10-22,430.8340759277344,1,-0.0010362847553420096,163.38840282200056
2021-10-25,433.1445617675781,1,0.005362820558862502,164.26462550773408
2021-10-26,433.534423828125,1,0.0009000737743443121,164.41247578920607
2021-10-27,431.61370849609375,1,-0.004430364064452519,163.6840686647219
2021-10-28,435.7783203125,1,0.009648933141899851,165.26344529966198
2021-10-29,436.66253662109375,1,0.002029050706239044,165.59877321006275
2021-11-01,437.4137878417969,1,0.0017204389149485522,165.88367578376108
2021-11-02,439.1822204589844,1,0.004042928381185584,166.55433160456263
2021-11-03,441.8635864257813,1,0.0061053609228411965,167.57120591227107
2021-11-04,443.94586181640625,1,0.00471248470024066,168.3608826563335
2021-11-05,445.4861755371094,1,0.0034695981045997915,168.94502725568668
2021-11-08,445.8665161132813,1,0.0008537651605313723,169.0892666340026
2021-11-09,444.3927307128906,1,-0.0033054408598295337,168.530352063112
2021-11-10,440.8176879882813,1,-0.008044782188210586,167.1745620886618
2021-11-11,440.9602661132813,1,0.00032344011795593097,167.22863304874298
2021-11-12,444.2881164550781,1,0.007546825865126561,168.49067842202498
2021-11-15,444.4402465820313,1,0.0003424132253795342,168.54837185866987
2021-11-16,446.19927978515625,1,0.003957862089792208,169.2154630699455
2021-11-17,445.1153869628906,1,-0.0024291675746036523,168.80441035393446
2021-11-18,446.6271667480469,1,0.0033963772752756416,169.37773381722684
2021-11-19,445.8284912109375,1,-0.0017882376992977012,169.0748461681933
2021-11-22,444.5733642578125,1,-0.002815268601869536,168.59885506241002
2021-11-23,445.1629333496094,1,0.0013261457819928602,168.8224417228999
2021-11-24,446.3514099121094,1,0.00266975633743205,169.27315650659037
2021-11-26,436.3963928222656,1,-0.022303093187952427,165.49784152280503
2021-11-29,441.7494812011719,0,0.01226657338821413,167.52793294143552
2021-11-30,433.1540832519531,0,-0.0,167.52793294143552
2021-12-01,428.3429565429687,0,-0.0,167.52793294143552
2021-12-02,434.9035949707031,0,0.0,167.52793294143552
2021-12-03,431.1193237304687,0,-0.0,167.52793294143552
2021-12-06,436.2252197265625,0,0.0,167.52793294143552
2021-12-07,445.24847412109375,0,0.0,167.52793294143552
2021-12-08,446.4274597167969,0,0.0,167.52793294143552
2021-12-09,443.4133911132813,0,-0.0,167.52793294143552
2021-12-10,447.5874328613281,1,0.0,167.52793294143552
2021-12-13,443.62255859375,1,-0.008858323483819763,166.04391631886463
2021-12-14,440.5704040527344,1,-0.006880070640886027,164.90152244510148
2021-12-15,447.4543151855469,1,0.01562499675304685,167.47810819787867
2021-12-16,443.5084533691406,1,-0.008818468573199456,166.00120776403676
2021-12-17,438.7882690429687,1,-0.010642828316607567,164.23448540945463
2021-12-20,434.12249755859375,1,-0.010633309533437107,162.48812929003114
2021-12-21,441.83203125,1,0.01775889002473474,165.37373810841768
2021-12-22,446.2497863769531,1,0.009998720813551465,167.02726394565715
2021-12-23,449.0263671875,1,0.006222032806087352,168.06651306143803
2021-12-27,455.3810729980469,1,0.01415218854596434,170.44502204254627
2021-12-28,455.0089416503906,1,-0.0008171866810500195,170.30573664068183
2021-12-29,455.5910034179687,1,0.001279231492609334,170.52359710236462
2021-12-30,454.33148193359375,1,-0.002764588139198665,170.05216958836195
2021-12-31,453.1865234375,1,-0.002520095000286826,169.62362196599437
2022-01-03,455.8103942871094,1,0.005789825411635974,170.60571312286683
2022-01-04,455.6577453613281,1,-0.00033489566647548763,170.54857800886603
2022-01-05,446.9081726074219,1,-0.0192020718246938,167.2736919643404
2022-01-06,446.48834228515625,1,-0.0009394107067145496,167.11655326715743
2022-01-07,444.7231140136719,1,-0.003953581996004263,166.4558442709261
2022-01-10,444.169677734375,0,-0.0012444513492947396,166.24869807092514
2022-01-11,448.21533203125,0,0.0,166.24869807092514
2022-01-12,449.4270935058594,0,0.0,166.24869807092514
2022-01-13,443.234619140625,0,-0.0,166.24869807092514
2022-01-14,443.4159851074219,0,0.0,166.24869807092514
2022-01-18,435.5632019042969,0,-0.0,166.24869807092514
2022-01-19,431.04052734375,0,-0.0,166.24869807092514
2022-01-20,426.2697143554687,0,-0.0,166.24869807092514
2022-01-21,417.9017639160156,-1,-0.0,166.24869807092514
2022-01-24,419.676513671875,0,-0.004246810875428775,165.54267129193167
2022-01-25,414.5526428222656,-1,-0.0,165.54267129193167
2022-01-26,413.5126647949219,-1,0.002508675424823248,165.95796412316136
2022-01-27,411.4707336425781,-1,0.004938013575367606,166.7774668029419
2022-01-28,421.6897583007813,0,-0.024835362086966573,162.6354880269438
2022-01-31,429.2848205566406,0,0.0,162.6354880269438
2022-02-01,432.1855163574219,0,0.0,162.6354880269438
2022-02-02,436.3837890625,0,0.0,162.6354880269438
2022-02-03,426.1265869140625,0,-0.0,162.6354880269438
2022-02-04,428.1302795410156,0,0.0,162.6354880269438
2022-02-07,426.7563781738281,0,-0.0,162.6354880269438
2022-02-08,430.26763916015625,1,0.0,162.6354880269438
2022-02-09,436.5651245117187,1,0.014636204953397236,165.0158543624019
2022-02-10,428.721923828125,1,-0.017965706015490857,162.05122803503195
2022-02-11,420.2680969238281,1,-0.019718671788023667,158.855793056563
2022-02-14,418.89410400390625,1,-0.003269324819035413,158.3364418696756
2022-02-15,425.6495361328125,1,0.016126825525439425,160.88990604202675
2022-02-16,426.1265869140625,0,0.0011207595468896159,161.07022494022152
2022-02-17,417.0239562988281,0,-0.0,161.07022494022152
2022-02-18,414.32373046875,0,-0.0,161.07022494022152
2022-02-22,409.8772888183594,-1,-0.0,161.07022494022152
2022-02-23,402.6066589355469,-1,0.017738552686764164,163.9273776115926
2022-02-24,408.6654968261719,-1,-0.015049025534361382,161.46043032013483
2022-02-25,417.6823120117187,-1,-0.022064048116550827,157.89795961663236
2022-02-28,416.6136779785156,-1,0.0025584852469718866,158.3019392168385
2022-03-01,410.2685241699219,-1,0.015230306022071982,160.7129261949984
2022-03-02,417.8158874511719,-1,-0.018396154802565512,157.7564263259419
2022-03-03,415.73583984375,-1,0.004978383230257011,158.54179827322824
2022-03-04,412.3580932617187,-1,0.008124742344323255,159.8299095350039
2022-03-07,400.2021179199219,-1,0.029479172448499957,164.54156300061445
2022-03-08,397.16796875,-1,0.007581542011051989,165.78904177306777
2022-03-09,407.8162841796875,-1,-0.026810609786083184,161.3441364672814
2022-03-10,405.974853515625,-1,0.004515343637556013,162.0726606873359
2022-03-11,400.8127746582031,-1,0.012715267491865023,164.13345792109368
2022-03-14,397.8835144042969,-1,0.007308300630897269,165.33299457516975
2022-03-15,406.6331787109375,-1,-0.021990517299367074,161.69723649780832
2022-03-16,415.6498718261719,-1,-0.022174022158787166,158.11175839269126
2022-03-17,420.8500671386719,-1,-0.012510999437225223,156.13362227242163
2022-03-18,425.4595947265625,1,-0.010952897356605984,154.4235067337567
2022-03-21,425.3351745605469,1,-0.00029243709051995914,154.3783475727396
2022-03-22,430.3121948242187,1,0.011701407645897222,156.18479154938825
2022-03-23,424.7704772949219,1,-0.012878365047406137,154.1733867889622
2022-03-24,431.173583984375,1,0.01507427430039443,156.49743871123982
2022-03-25,433.2792663574219,1,0.004883607092968756,157.26171071296147
2022-03-28,436.3612060546875,1,0.007113056027756581,158.3803220722836
2022-03-29,441.7593994140625,1,0.012370928681268767,160.3396337411562
2022-03-30,439.0315551757813,1,-0.006174954606284144,159.34954378121634
2022-03-31,432.2743225097656,1,-0.015391223219274552,156.89695938299008
2022-04-01,433.4994201660156,1,0.0028340745504777942,157.34161706262478
2022-04-04,437.2131042480469,1,0.008566756745854498,158.68952442199966
2022-04-05,431.6904602050781,1,-0.012631469618155755,156.68504251554359
2022-04-06,427.3738708496094,1,-0.009999269739289884,155.11830651131854
2022-04-07,429.52740478515625,1,0.005038992981170498,155.89994656908013
2022-04-08,428.3788757324219,1,-0.0026739366101886652,155.4830799944226
2022-04-11,421.0567932128906,0,-0.017092538718237016,152.8254794295872
2022-04-12,419.4967651367187,0,-0.0,152.8254794295872
2022-04-13,424.301513671875,-1,0.0,152.8254794295872
2022-04-14,419.0181579589844,-1,0.012451889853441367,154.72844546624378
2022-04-18,419.1904602050781,-1,-0.0004112047242368355,154.66482039849424
2022-04-19,425.9573059082031,-1,-0.016142651957810505,152.16812003268407
2022-04-20,425.6414489746094,-1,0.0007415225169581374,152.2809561200515
2022-04-21,419.2765502929687,-1,0.014953662752943853,154.55811418156662
2022-04-22,407.77203369140625,-1,0.027438969800537838,158.79902960902268
2022-04-25,410.1360778808594,-1,-0.005797465235789501,157.87839775538725
2022-04-26,398.2582092285156,-1,0.02896079933693163,162.45068235241732
2022-04-27,399.3780822753906,-1,-0.0028119270888209424,161.99388287811308
2022-04-28,409.4660949707031,-1,-0.025259304761637624,157.9020300209738
2022-04-29,394.33404541015625,-1,0.03695556175812198,163.73738824314674
2022-05-02,396.7077026367187,-1,-0.006019407287274792,162.7517862151566
2022-05-03,398.5262145996094,-1,-0.004584009714971415,162.0057304460174
2022-05-04,410.6625061035156,-1,-0.030452931474280298,157.07218103830408
2022-05-05,396.0663757324219,-1,0.03554288534783967,162.65497956028366
2022-05-06,393.7023315429687,-1,0.005968808094556133,163.62583591890294
2022-05-09,381.0970458984375,-1,0.0320172999614442,168.86469338896052
2022-05-10,381.97760009765625,-1,-0.0023105773416396413,168.47451845461308
2022-05-11,375.9094848632813,-1,0.01588604994854037,171.15091306983936
2022-05-12,375.5169982910156,-1,0.0010440986143470665,171.32961150101983
2022-05-13,384.4947814941406,-1,-0.023907794438022822,167.23349836810715
2022-05-16,382.9346618652344,-1,0.004057583363924033,167.9120622289764
2022-05-17,390.8118591308594,-1,-0.020570603943910415,164.45800969945887
2022-05-18,375.05755615234375,-1,0.040311732130013156,171.08759693309855
2022-05-19,372.7604675292969,-1,0.006124629634481571,172.13544509936725
2022-05-20,372.9232482910156,-1,-0.00043668998163259864,172.06027527500848
2022-05-23,379.9006042480469,-1,-0.018709898052766016,168.84104506568224
2022-05-24,377.00054931640625,-1,0.007633720239484276,170.1299303686558
2022-05-25,380.331298828125,-1,-0.008834866468386382,168.62685515157284
2022-05-26,387.9308471679687,-1,-0.01998139086438422,165.25745604855737
2022-05-27,397.4542541503906,-1,-0.024549238741765844,161.20051130616446
2022-05-31,395.22412109375,1,0.005611043367513613,162.1050143659687
2022-06-01,392.02734375,1,-0.008088517813394591,160.79382506962898
2022-06-02,399.4928894042969,1,0.019043430957861318,163.8558911757929
2022-06-03,392.9366455078125,1,-0.016411415748252,161.1667840229066
2022-06-06,394.1330261230469,1,0.0030447163147337974,161.65749115961432
2022-06-07,397.91363525390625,1,0.009592216029313594,163.2081447375742
2022-06-08,393.5874328613281,1,-0.010872214494026089,161.43371078081523
2022-06-09,384.2268371582031,1,-0.023782760631036237,157.59437147953517
2022-06-10,373.0859069824219,1,-0.028995710602052638,153.0248106916022
2022-06-13,358.9205017089844,0,-0.03796821324077759,147.2147320481338
2022-06-14,357.8389587402344,0,-0.0,147.2147320481338
2022-06-15,362.9404602050781,-1,0.0,147.2147320481338
2022-06-16,350.9285888671875,-1,0.03309598310175543,152.08694833232832
2022-06-17,351.6850280761719,-1,-0.002155536006417158,151.75911943909188
2022-06-21,360.5382385253906,-1,-0.025173691634382545,147.93878216362674
2022-06-22,359.8846130371094,-1,0.0018129158531272616,148.20698272710354
2022-06-23,363.4124145507813,-1,-0.0098025905689616,146.75417035596857
2022-06-24,374.9666442871094,-1,-0.03179371225006289,142.08831049217417
2022-06-27,373.5344543457031,-1,0.0038195129172866604,142.63101862949446
2022-06-28,365.9020690917969,-1,0.020432881532375435,145.545381335993
2022-06-29,365.6040344238281,-1,0.0008145203133409495,145.6639310056041
2022-06-30,362.6338195800781,-1,0.008124130381741757,146.8473237730107
2022-07-01,366.46917724609375,-1,-0.010576392655425426,145.29420881638893
2022-07-05,367.1612854003906,-1,-0.0018885848995482402,145.0198083676265
2022-07-06,368.40130615234375,-1,-0.0033773189093204703,144.53003022660047
2022-07-07,373.9189453125,1,-0.01497725189354937,142.36536755771436
2022-07-08,373.6113586425781,1,-0.0008226025286437455,142.24825744637008
2022-07-11,369.3433837890625,1,-0.011423568247556082,140.62327476933555
2022-07-12,366.0750427246094,1,-0.008849058106641827,139.37889123975543
2022-07-13,364.152587890625,1,-0.005251532089366129,138.64693851982958
2022-07-14,363.2681884765625,1,-0.00242865063567288,138.31021354445932
2022-07-15,370.20849609375,1,0.019105189601910988,140.95265639810702
2022-07-18,367.1517028808594,0,-0.008256950462089185,139.78881729672796
2022-07-19,377.07183837890625,1,0.0,139.78881729672796
2022-07-20,379.4750061035156,1,0.006373235760434914,140.67972438603238
2022-07-21,383.3392028808594,1,0.010183007352768003,142.11226705384072
2022-07-22,379.7825622558594,1,-0.00927805087053779,140.79374221078774
2022-07-25,380.2439880371094,1,0.0012149735851725296,140.96480288853144
2022-07-26,375.7453308105469,1,-0.011830975289801149,139.29705178882554
2022-07-27,385.50201416015625,1,0.02596621314910963,142.91406872661676
2022-07-28,390.3372192382813,1,0.012542619494891438,144.7065855111215
2022-07-29,396.02783203125,1,0.014578709158387548,146.81622073459147
2022-08-01,394.8550720214844,1,-0.0029613070469074465,146.38145282552978
2022-08-02,392.2500305175781,1,-0.006597462432404888,145.41570668971252
2022-08-03,398.3924865722656,1,0.015659542579467667,147.69285014034344
2022-08-04,398.1233825683594,1,-0.000675474595973391,147.59308737206675
2022-08-05,397.4505004882813,1,-0.0016901345400442969,147.34363519722743
2022-08-08,396.9890747070313,1,-0.0011609641469393361,147.17257451948373
2022-08-09,395.4126281738281,1,-0.003971007349173439,146.5881511444701
2022-08-10,403.7178039550781,1,0.02100382028668779,149.66706232726636
2022-08-11,403.7178039550781,1,0.0,149.66706232726636
2022-08-12,410.5523376464844,1,0.016928987586008803,152.20077416743908
2022-08-15,412.2441711425781,1,0.004120871667160131,152.8279740254255
2022-08-16,413.0516357421875,1,0.0019587047098117427,153.12731889794009
2022-08-17,410.1198120117187,1,-0.007097959375468421,152.0404274091281
2022-08-18,411.3117370605469,1,0.002906284977995943,152.48230021935535
2022-08-19,405.7845764160156,1,-0.013437887000335325,150.43326029945644
2022-08-22,397.3351440429687,1,-0.020822458181319448,147.30087002779146
2022-08-23,396.3738708496094,1,-0.0024193007031246827,146.94450492936235
2022-08-24,397.6427307128906,1,0.003201169291410455,147.41489916608376
2022-08-25,403.2565002441406,0,0.014117621416555703,149.49604690367025
2022-08-26,389.6066284179687,0,-0.0,149.49604690367025
2022-08-29,387.0304565429687,0,-0.0,149.49604690367025
2022-08-30,382.78167724609375,-1,-0.0,149.49604690367025
2022-08-31,379.8691101074219,-1,0.007608951294707289,150.63355504331156
2022-09-01,381.06103515625,-1,-0.0031377256457916225,150.1609082745354
2022-09-02,377.04302978515625,-1,0.010544256694852594,151.7442434369143
2022-09-06,375.620361328125,-1,0.003773225718671669,152.31680871891083
2022-09-07,382.3683471679687,-1,-0.017964909612418367,149.58045101782358
2022-09-08,384.86761474609375,-1,-0.006536282609781896,148.60275091707246
2022-09-09,390.84661865234375,-1,-0.015535222183333142,146.29417416452122
2022-09-12,395.04736328125,-1,-0.010747808547994175,144.72183238891404
2022-09-13,377.86968994140625,-1,0.04348256674128026,151.01470912468534
2022-09-14,379.31158447265625,-1,-0.003815851256748326,150.43845945708446
2022-09-15,375.005126953125,-1,0.01135335090152434,152.1464400763855
2022-09-16,372.144287109375,-1,0.007628801949973285,153.3071351351217
2022-09-19,375.03021240234375,-1,-0.007754855825908624,152.11826040506574
2022-09-20,370.7254028320313,-1,0.011478567400575512,153.86436010998358
2022-09-21,364.258544921875,-1,0.017443794951074065,156.54833845802034
2022-09-22,361.1988830566406,-1,0.008399698257979371,157.86329726385574
2022-09-23,355.1470031738281,-1,0.01675497950491578,160.50829357409006
2022-09-26,351.6336364746094,-1,0.009892711096590956,162.09615575102535
2022-09-27,350.7360534667969,-1,0.002552608495624664,162.50992377530352
2022-09-28,357.6372375488281,-1,-0.01967628937435295,159.3123314888966
2022-09-29,350.16650390625,-1,0.020889138093619697,162.64022878138468
2022-09-30,344.751708984375,-1,0.01546348626002414,165.15521372447282
2022-10-03,353.8536682128906,-1,-0.026401491250992226,160.7948697942704
2022-10-04,364.8183288574219,-1,-0.030986426394581157,155.812411396764
2022-10-05,363.9689636230469,-1,0.0023281868458614463,156.17517180339985
2022-10-06,360.21435546875,-1,0.01031573713572298,157.7862338228501
2022-10-07,350.16650390625,-1,0.027894089755042262,162.1875371912148
2022-10-10,347.492919921875,-1,0.007635179134926062,163.4258680911222
2022-10-11,345.2922668457031,-1,0.006332943637144095,164.46083490259463
2022-10-12,344.1533203125,-1,0.0032984999739715803,165.00330896224017
2022-10-13,353.2359619140625,-1,-0.02639126536194758,160.64866284981827
2022-10-14,345.18609619140625,-1,0.02278891899634694,164.3096722143742
2022-10-17,354.05633544921875,-1,-0.02569697724120945,160.08741030697084
2022-10-18,358.21636962890625,-1,-0.011749639148270985,158.20644100368276
2022-10-19,355.6778869628906,-1,0.007086450763390206,159.32756315830656
2022-10-20,352.6954345703125,1,0.008385262345222189,160.6635665742139
2022-10-21,361.2664184570313,1,0.02430137463265103,164.56791209535174
2022-10-24,365.68707275390625,1,0.012236549180949519,166.58165544531266
2022-10-25,371.5265197753906,1,0.015968426166965255,169.241702311062
2022-10-26,368.7274169921875,1,-0.007534059169976182,167.96662531182295
2022-10-27,366.7583923339844,1,-0.005340054922590265,167.0696743074957
2022-10-28,375.4837951660156,1,0.02379060169967584,171.04436238503988
2022-10-31,372.7716979980469,1,-0.007222940651192777,169.80891910681163
2022-11-01,371.1404113769531,1,-0.0043761010555642965,169.06581811666408
2022-11-02,361.82623291015625,1,-0.025096104280966647,164.82292471486133
2022-11-03,358.10052490234375,1,-0.010296953810802423,163.12575067211102
2022-11-04,363.2546997070313,1,0.014393094805133622,165.47363506669333
2022-11-07,366.7294921875,1,0.009565719268797235,167.0565094061287
2022-11-08,368.7080993652344,1,0.005395276954499151,167.95782554142667
2022-11-09,361.1119995117187,1,-0.020601933796933314,164.49756953894533
2022-11-10,380.95654296875,1,0.05495398514550698,173.53736653186053
2022-11-11,384.6437072753906,1,0.009678700562292475,175.2169827388912
2022-11-14,381.3716125488281,1,-0.008506819856069603,173.7264434310074
2022-11-15,384.6243286132813,1,0.00852899365716886,175.20815516511294
2022-11-16,381.6901550292969,1,-0.007628673918166462,173.8715492815548
2022-11-17,380.522216796875,1,-0.003059911860530562,173.33951766569936
2022-11-18,382.24993896484375,1,0.004540397621227488,174.12654799937343
2022-11-21,380.8600463867187,1,-0.003636083191769668,173.493409384952
2022-11-22,385.9853210449219,1,0.013457107687791181,175.82812887816735
2022-11-23,388.4176635742187,1,0.006301645157676283,176.93613535509573
2022-11-25,388.3307189941406,1,-0.00022384301290012676,176.89652943746694
2022-11-28,382.1340942382813,1,-0.01595708104656235,174.07377718037768
2022-11-29,381.477783203125,1,-0.0017174888214687156,173.77480741395954
2022-11-30,393.4945983886719,1,0.03150069470532779,179.2488345697838
2022-12-01,393.20501708984375,1,-0.0007359219161175989,179.1169214239854
2022-12-02,392.75140380859375,1,-0.0011536304511250428,178.9102866891189
2022-12-05,385.6860656738281,1,-0.017989338971806434,175.69180889632528
2022-12-06,380.12652587890625,1,-0.01441467631247928,173.15926834033078
2022-12-07,379.4798278808594,1,-0.001701270377150399,172.86467760657433
2022-12-08,382.45269775390625,0,0.007834065619899633,174.21891083430702
2022-12-09,379.5956115722656,0,-0.0,174.21891083430702
2022-12-12,385.068359375,0,0.0,174.21891083430702
2022-12-13,387.9832458496094,0,0.0,174.21891083430702
2022-12-14,385.5027160644531,0,-0.0,174.21891083430702
2022-12-15,376.0726318359375,-1,-0.0,174.21891083430702
2022-12-16,371.6326599121094,-1,0.011806155375233662,176.27576636492083
2022-12-19,368.4813232421875,-1,0.008479708620515614,177.7705335005534
2022-12-20,368.9856262207031,-1,-0.001368598478963312,177.52723701880004
2022-12-21,374.5028381347656,-1,-0.014952376249915078,174.8727829762871
2022-12-22,369.1601257324219,-1,0.014266146630432686,177.36754373989868
2022-12-23,371.28363037109375,-1,-0.005752258953912737,176.3472796982873
2022-12-27,369.8194885253906,-1,0.003943459193823662,177.04269799971934
2022-12-28,365.2233581542969,-1,0.012428037228162991,179.24299124143428
2022-12-29,371.7975158691406,-1,-0.01800037584689851,176.0165500311661
2022-12-30,370.8181762695313,-1,0.0026340670870808047,176.48018943238472
2023-01-03,369.257080078125,-1,0.004209869664726473,177.22314802830127
2023-01-04,372.1077880859375,-1,-0.007720117396826431,175.85496452008763
2023-01-05,367.8608093261719,-1,0.011413302531536385,177.86205043182798
2023-01-06,376.296630859375,-1,-0.022932101814964856,173.7832997823069
2023-01-09,376.0832824707031,-1,0.0005669686390351591,173.88182946327154
2023-01-10,378.7207336425781,1,-0.0070129444588658,172.66240585083963
2023-01-11,383.5107727050781,1,0.012647945140021433,174.84623048778516
2023-01-12,384.9070129394531,1,0.003640680611203262,175.48278976906403
2023-01-13,386.4002685546875,1,0.00387952301474237,176.1635792906643
2023-01-17,385.6924133300781,1,-0.0018319221859163237,175.8408613214113
2023-01-18,379.6031188964844,1,-0.01578795491728402,173.06469373025246
2023-01-19,376.8396606445313,1,-0.007279861819856737,171.8048066740004
2023-01-20,383.8598327636719,1,0.01862906920978946,175.00537030810486
2023-01-23,388.465576171875,1,0.011998503138614947,177.10517279302113
2023-01-24,388.0486450195313,1,-0.001073276959189906,176.91508989170902
2023-01-25,388.194091796875,1,0.0003748158361340792,176.98140046905152
2023-01-26,392.46044921875,1,0.010990268816629456,178.92647363574994
2023-01-27,393.36224365234375,1,0.002297796976456823,179.33761034587826
2023-01-30,388.4268493652344,1,-0.012546690402425398,177.0875168713577
2023-01-31,394.1379699707031,1,0.014703207604731316,179.69127139612365
2023-02-01,398.3267822265625,1,0.010627781576514339,181.60099097972778
2023-02-02,404.1252136230469,1,0.014556970947502856,184.24455132945744
2023-02-03,399.8297424316406,1,-0.010629060119502709,182.28620491668582
2023-02-06,397.3862609863281,1,-0.006111304853040678,181.1721983479361
2023-02-07,402.58349609375,1,0.01307854754344584,183.54166755758018
2023-02-08,398.1813659667969,1,-0.010934700924570384,181.53469431564113
2023-02-09,394.7294616699219,1,-0.008669175887961678,179.96093812085147
2023-02-10,395.6506042480469,1,0.002333604829566127,180.38089583518357
2023-02-13,400.2951354980469,1,0.0117389717092109,182.49838206827488
2023-02-14,400.1109313964844,1,-0.00046017072211812504,182.41440165601315
2023-02-15,401.4102783203125,1,0.0032474666945316866,183.00678634999397
2023-02-16,395.8833312988281,1,-0.013768822872726849,180.48699832423395
2023-02-17,394.8942565917969,1,-0.0024983994748812854,180.03606970239778
2023-02-21,386.9723815917969,1,-0.020060750106550285,176.42441109793253
2023-02-22,386.4389953613281,0,-0.0013783573604779775,176.1812352123277
2023-02-23,388.49468994140625,0,0.0,176.1812352123277
2023-02-24,384.3446044921875,0,-0.0,176.1812352123277
2023-02-27,385.6536560058594,0,0.0,176.1812352123277
2023-02-28,384.2282409667969,0,-0.0,176.1812352123277
2023-03-01,382.7544250488281,0,-0.0,176.1812352123277
2023-03-02,385.7312316894531,0,0.0,176.1812352123277
2023-03-03,391.91748046875,0,0.0,176.1812352123277
2023-03-06,392.1889953613281,0,0.0,176.1812352123277
2023-03-07,386.17718505859375,0,-0.0,176.1812352123277
2023-03-08,386.80755615234375,0,0.0,176.1812352123277
2023-03-09,379.6709899902344,0,-0.0,176.1812352123277
2023-03-10,374.1925048828125,-1,-0.0,176.1812352123277
2023-03-13,373.6592102050781,-1,0.001425188026952573,176.432326599326
2023-03-14,379.8357849121094,0,-0.016529967784391975,173.5159059245138
2023-03-15,377.4601745605469,-1,-0.0,173.5159059245138
2023-03-16,384.0828247070313,0,-0.017545295087606938,170.47151815267478
2023-03-17,379.59185791015625,0,-0.0,170.47151815267478
2023-03-20,383.2418823242187,0,0.0,170.47151815267478
2023-03-21,388.2740173339844,0,0.0,170.47151815267478
2023-03-22,381.65533447265625,0,-0.0,170.47151815267478
2023-03-23,382.6871032714844,0,0.0,170.47151815267478
2023-03-24,385.1982727050781,1,0.0,170.47151815267478
2023-03-27,385.9185791015625,1,0.0018699626855176454,170.79029353056382
2023-03-28,385.0522766113281,1,-0.0022447804722207643,170.40690681480154
2023-03-29,390.64898681640625,1,0.014534936020460076,172.8837603027992
2023-03-30,392.9363403320313,1,0.005855265450106062,173.8960406113846
2023-03-31,398.4746398925781,1,0.014094648399959553,176.34704416194717
2023-04-03,399.9930114746094,1,0.0038104597633630277,177.01900747811425
2023-04-04,397.7737731933594,1,-0.0055481926373377455,176.03687192415535
2023-04-05,396.7322998046875,1,-0.002618255548400894,175.57596240751678
2023-04-06,398.2799682617187,1,0.003901039713159582,176.26089120954472
2023-04-10,398.688720703125,1,0.0010262942502237138,176.44178674873237
2023-04-11,398.79583740234375,1,0.0002686725097962306,176.48919180641107
2023-04-12,397.17034912109375,1,-0.004075991093182019,175.76982343256523
2023-04-13,402.4457702636719,1,0.013282515057461364,178.10448875895563
2023-04-14,401.4627075195313,1,-0.002442721024242589,177.66942917975211
2023-04-17,402.9033203125,1,0.003588409996708286,178.3069799355302
2023-04-18,403.16607666015625,1,0.0006521573151903048,178.42326413684464
2023-04-19,403.0979614257813,1,-0.00016895080791323736,178.3931193822182
2023-04-20,400.898193359375,1,-0.0054571550265984925,177.41960047407096
2023-04-21,401.2096862792969,1,0.0007769875870771159,177.5574533013435
2023-04-24,401.6282348632813,1,0.0010432165480995792,177.74268417486587
2023-04-25,395.2528076171875,1,-0.01587395181084339,174.9212053715441
2023-04-26,393.57867431640625,0,-0.004235601287373214,174.18030888888353
2023-04-27,401.4140319824219,0,0.0,174.18030888888353
2023-04-28,404.84027099609375,0,0.0,174.18030888888353
2023-05-01,404.431396484375,0,-0.0,174.18030888888353
2023-05-02,399.8859558105469,1,-0.0,174.18030888888353
2023-05-03,397.14111328125,1,-0.006864063339591997,172.98472421616052
2023-05-04,394.32818603515625,1,-0.007082941433217194,171.7594835456962
2023-05-05,401.6282348632813,0,0.018512622446609006,174.93920201620224
2023-05-08,401.73529052734375,0,0.0,174.93920201620224
2023-05-09,399.9735107421875,0,-0.0,174.93920201620224
2023-05-10,401.8423767089844,0,0.0,174.93920201620224
2023-05-11,401.14154052734375,1,-0.0,174.93920201620224
2023-05-12,400.615966796875,1,-0.001310195223805155,174.70999750926433
2023-05-15,401.99810791015625,1,0.0034500400079711113,175.31275399046382
2023-05-16,399.3116760253906,1,-0.006682697833408802,174.14119182920282
2023-05-17,404.1589050292969,1,0.012138961355084632,176.2550850271459
2023-05-18,408.0522766113281,1,0.009633269324472726,177.95299773102022
2023-05-19,407.45849609375,1,-0.001455157957968467,177.6940480102276
2023-05-22,407.6240234375,1,0.0004062434464782161,177.76623505270993
2023-05-23,403.04925537109375,1,-0.011223008957684022,175.7711630043396
2023-05-24,400.1292419433594,1,-0.007244805414777122,174.4977351308441
2023-05-25,403.5943298339844,1,0.008659921663799475,176.0088718475876
2023-05-26,408.8211364746094,1,0.012950644382875742,178.28830015511687
2023-05-30,408.9768676757813,1,0.00038092746993179105,178.3562150662134
2023-05-31,406.70904541015625,1,-0.005545111337257547,177.36720999597938
2023-06-01,410.5732421875,1,0.009501133109657722,179.0523994674398
2023-06-02,416.5105590820313,1,0.014461041988264478,181.64168373423794
2023-06-05,415.71240234375,1,-0.0019162941271895217,181.2936048424452
2023-06-06,416.61761474609375,1,0.0021774967435184145,181.68837107661037
2023-06-07,415.1770629882813,1,-0.0034577312788139913,181.06014151294198
2023-06-08,417.6882934570313,1,0.006048577083413775,182.15529773561684
2023-06-09,418.4377746582031,1,0.0017943552953536557,182.48214905868545
2023-06-12,422.2337646484375,1,0.00907181478377539,184.13759331629115
2023-06-13,425.0175476074219,1,0.006592989931305526,185.35161061500028
2023-06-14,425.5236206054687,1,0.0011907108327542382,185.572310785628
2023-06-15,430.7991333007813,1,0.012397696484642173,187.8729799707019
2023-06-16,429.3317260742187,1,-0.0034062446117738565,187.2330386449788
2023-06-20,427.1042785644531,1,-0.0051881735601819745,186.26164114428838
2023-06-21,424.9159240722656,1,-0.0051237007026546655,185.30729224267978
2023-06-22,426.44976806640625,1,0.003609758795200646,185.97620687066762
2023-06-23,423.2257995605469,1,-0.007560019367526927,184.57022314482617
2023-06-26,421.49658203125,1,-0.004085803679956146,183.81610544789072
2023-06-27,426.1175537109375,1,0.010963248284051152,185.83132705052327
2023-06-28,426.3324890136719,1,0.0005044037751145147,185.9250610734221
2023-06-29,428.0128479003906,1,0.003941428181104101,186.6578713487104
2023-06-30,433.063720703125,1,0.011800750438944352,188.8605743059611
2023-07-03,433.5619201660156,1,0.0011504068317746974,189.0778408008956
2023-07-05,432.9171447753906,1,-0.0014871587208998838,188.7966520410196
2023-07-06,429.5271606445313,1,-0.007830561047930118,187.3182683315676
2023-07-07,428.4427185058594,1,-0.002524734727006983,186.84533939450807
2023-07-10,429.5271606445313,1,0.0025311251465629514,187.3182683315676
2023-07-11,432.2626037597656,1,0.006368498586049043,188.51120445857833
2023-07-12,435.7405700683594,1,0.008045956967692502,190.02795749757993
2023-07-13,439.198974609375,1,0.007936843109359826,191.53617958263033
2023-07-14,438.9254150390625,1,-0.0006228602208276923,191.416879315519
2023-07-17,440.449462890625,1,0.0034722251192196296,192.081521812121
2023-07-18,443.7222900390625,1,0.007430653058260628,193.50881295960957
2023-07-19,444.7090148925781,1,0.002223744165362529,193.93912705337476
2023-07-20,441.7585754394531,1,-0.006634539337678325,192.65243028582415
2023-07-21,441.7585754394531,1,0.0,192.65243028582415
2023-07-24,443.7320556640625,1,0.00446732748231593,193.51307178217496
2023-07-25,444.9434814453125,1,0.002730083990522214,194.04137872140424
2023-07-26,445.0118408203125,1,0.00015363608604390677,194.07119047936158
2023-07-27,442.0614318847656,1,-0.006629956025682948,192.78450702063145
2023-07-28,446.3893737792969,1,0.009790363018277182,194.67193732866303
2023-07-31,447.23931884765625,1,0.0019040441334063907,195.04260128887253
2023-08-01,445.95947265625,1,-0.002861658484553331,194.4844559740449
2023-08-02,439.75579833984375,1,-0.013910847726712805,191.77901232177737
2023-08-03,438.49554443359375,1,-0.0028658039553035586,191.2294112697214
2023-08-04,436.5123596191406,1,-0.004522702316199889,190.36453756844628
2023-08-07,440.3224792480469,0,0.008728549249397144,192.02614380995118
2023-08-08,438.40765380859375,0,-0.0,192.02614380995118
2023-08-09,435.4767761230469,0,-0.0,192.02614380995118
2023-08-10,435.6331481933594,0,0.0,192.02614380995118
2023-08-11,435.3791198730469,0,-0.0,192.02614380995118
2023-08-14,437.7823791503906,0,0.0,192.02614380995118
2023-08-15,432.6827087402344,0,-0.0,192.02614380995118
2023-08-16,429.5076293945313,0,-0.0,192.02614380995118
2023-08-17,426.2347717285156,0,-0.0,192.02614380995118
2023-08-18,426.4400329589844,0,0.0,192.02614380995118
2023-08-21,429.2145080566406,0,0.0,192.02614380995118
2023-08-22,428.0519104003906,0,-0.0,192.02614380995118
2023-08-23,432.8194885253906,0,0.0,192.02614380995118
2023-08-24,426.8209838867187,0,-0.0,192.02614380995118
2023-08-25,429.8299865722656,0,0.0,192.02614380995118
2023-08-28,432.5556945800781,0,0.0,192.02614380995118
2023-08-29,438.8081970214844,0,0.0,192.02614380995118
2023-08-30,440.6155700683594,1,0.0,192.02614380995118
2023-08-31,439.9707946777344,1,-0.0014633513530285525,191.74514209259004
2023-09-01,440.7913818359375,1,0.0018650946111189448,192.1027649238152
2023-09-05,438.8863220214844,1,-0.00432190803395105,191.27251444074673
2023-09-06,435.93597412109375,1,-0.006722350987840131,189.98671346434932
2023-09-07,434.5975341796875,1,-0.0030702672430389377,189.4034034813871
2023-09-08,435.2520751953125,1,0.001506085433412352,189.68866118840916
2023-09-11,438.1145935058594,1,0.006576690781456618,190.9361848577938
2023-09-12,435.7112731933594,1,-0.005485597485507809,189.88878580224545
2023-09-13,436.21929931640625,1,0.0011659696553718568,190.11019036438626
2023-09-14,439.9805603027344,1,0.008622408481748334,191.74939808225093
2023-09-15,434.6795349121094,1,-0.012048317286967314,189.43914049457098
2023-09-18,434.9344177246094,1,0.0005863694791878871,189.55022182472058
2023-09-19,434.032470703125,1,-0.0020737540758511974,189.15714127963307
2023-09-20,430.0422668457031,0,-0.00919333028461633,187.4181572041556
2023-09-21,422.934326171875,0,-0.0,187.4181572041556
2023-09-22,421.9833679199219,0,-0.0,187.4181572041556
2023-09-25,423.7579040527344,0,0.0,187.4181572041556
2023-09-26,417.5323181152344,0,-0.0,187.4181572041556
2023-09-27,417.698974609375,0,0.0,187.4181572041556
2023-09-28,420.12060546875,0,0.0,187.4181572041556
2023-09-29,419.1009521484375,0,-0.0,187.4181572041556
2023-10-02,418.934326171875,0,-0.0,187.4181572041556
2023-10-03,413.326416015625,0,-0.0,187.4181572041556
2023-10-04,416.3362121582031,0,0.0,187.4181572041556
2023-10-05,416.1793823242187,0,-0.0,187.4181572041556
2023-10-06,421.12060546875,0,0.0,187.4181572041556
2023-10-09,423.8167114257813,0,0.0,187.4181572041556
2023-10-10,426.0225830078125,0,0.0,187.4181572041556
2023-10-11,427.7677307128906,0,0.0,187.4181572041556
2023-10-12,425.1598205566406,1,-0.0,187.4181572041556
2023-10-13,423.0421447753906,1,-0.004980893487247728,186.48464732554544
2023-10-16,427.4931945800781,1,0.010521528078604847,188.4467507786099
2023-10-17,427.4735412597656,1,-4.597341094936258e-05,188.43808723869427
2023-10-18,421.7774353027344,1,-0.013325049172037251,185.92714046035402
2023-10-19,418.0715637207031,1,-0.008786320158097882,184.2935250781897
2023-10-20,412.9342956542969,1,-0.012288011221538775,182.02892417397197
2023-10-23,412.2185363769531,0,-0.001733349070000667,181.71340450754178
2023-10-24,415.3264465332031,0,0.0,181.71340450754178
2023-10-25,409.3655700683594,-1,-0.0,181.71340450754178
2023-10-26,404.4635925292969,-1,0.011974572112266157,183.88934477358274
2023-10-27,402.6302490234375,-1,0.004532777584243419,184.72287427355366
2023-10-30,407.4440612792969,-1,-0.011955913067970059,182.51434364707347
2023-10-31,410.00286865234375,-1,-0.0062801439908406476,181.3681272885761
2023-11-01,414.3754577636719,0,-0.010664776872660875,179.43387667923108
2023-11-02,422.3167114257813,0,0.0,179.43387667923108
2023-11-03,426.1696166992187,0,0.0,179.43387667923108
2023-11-06,427.1500549316406,1,0.0,179.43387667923108
2023-11-07,428.3656921386719,1,0.00284592543766804,179.9445321132519
2023-11-08,428.6795043945313,1,0.0007325802733937348,180.07635592778314
2023-11-09,425.3363342285156,1,-0.007798763719151003,178.6719829764966
2023-11-10,431.9736022949219,1,0.015604752127384325,181.46011498295306
2023-11-13,431.5618591308594,1,-0.0009531674201271878,181.28715311329879
2023-11-14,439.9344787597656,1,0.019400740477317102,184.80425812272154
2023-11-15,440.8658447265625,1,0.002117056088494218,185.1954991025599
2023-11-16,441.4050598144531,1,0.001223082019939703,185.42200838768602
2023-11-17,441.9540710449219,1,0.001243781008535727,185.65263276028315
2023-11-20,445.3560485839844,1,0.007697581631093797,187.0817090559829
2023-11-21,444.3854675292969,1,-0.002179337313983898,186.67399490667333
2023-11-22,446.10113525390625,1,0.0038607646963528808,187.39469927593618
2023-11-24,446.3756713867187,1,0.0006154123159900493,187.51002428182184
2023-11-27,445.5717468261719,1,-0.0018010044276143278,187.17231789786823
2023-11-28,446.012939453125,1,0.0009901719085552152,187.35765066910986
2023-11-29,445.69915771484375,1,-0.0007035260875301041,187.22583967416577
2023-11-30,447.4541015625,1,0.003937507660221051,187.96304285207412
2023-12-01,450.1012268066406,1,0.005915970453498787,189.07502665993673
2023-12-04,447.7384033203125,1,-0.005249537983026187,188.08247012584368
2023-12-05,447.6502075195313,1,-0.00019698064791218162,188.04542151901737
2023-12-06,445.8462829589844,1,-0.004029763708907064,187.2876429037539
2023-12-07,449.2482299804687,1,0.007630313746043393,188.71670637986648
2023-12-08,451.1796569824219,1,0.004299242318744678,189.52804523018892
2023-12-11,452.93450927734375,1,0.0038894756617766646,190.26520994933585
2023-12-12,455.003173828125,1,0.004567248704634652,191.134198483014
2023-12-13,461.2777404785156,1,0.01379016018196122,193.76996969634553
2023-12-14,462.7581787109375,1,0.0032094291627557947,194.39186068795527
2023-12-15,461.9961853027344,1,-0.001646634123951607,194.07176841672808
2023-12-18,464.594970703125,1,0.0056251230704160715,195.16344599856546
2023-12-19,467.4201049804687,1,0.0060808541966523855,196.35020645819898
2023-12-20,460.9429931640625,1,-0.01385715279978561,193.62935164503827
2023-12-21,465.3135681152344,1,0.009481812319503513,195.46530881688366
2023-12-22,466.2487487792969,1,0.002009785933925201,195.85815224511418
2023-12-26,468.2174682617187,1,0.00422246598532694,196.68515663091816
2023-12-27,469.0640563964844,1,0.0018081088215453622,197.04078479768955
2023-12-28,469.2412414550781,1,0.0003777417096397784,197.1152153206078
2023-12-29,467.8827819824219,1,-0.0028950129541976954,196.54456421878518
2024-01-02,465.2643127441406,1,-0.0055964214523706035,195.44461800324436
2024-01-03,461.4646911621094,1,-0.008166587202059428,193.84850248714767
2024-01-04,459.978271484375,1,-0.0032210908141013794,193.22409885645902
2024-01-05,460.6083068847656,1,0.001369706874104093,193.48875923290527
2024-01-08,467.1838684082031,0,0.014275820529399574,196.25097003417042
2024-01-09,466.4751281738281,0,-0.0,196.25097003417042
2024-01-10,469.1132507324219,1,0.0,196.25097003417042
2024-01-11,468.9065856933594,1,-0.0004405440237295055,196.16451284217075
2024-01-12,469.2314147949219,1,0.0006927373414518101,196.30040332528424
2024-01-16,467.5086975097656,1,-0.0036713596550417282,195.57971394424735
2024-01-17,464.9099731445313,1,-0.005558665280617658,194.49255177875233
2024-01-18,469.0443420410156,1,0.008892837614389082,196.22214245892891
2024-01-19,474.8915100097656,1,0.012466130479916737,198.66827328987077
2024-01-22,475.89556884765625,1,0.002114290983787015,199.08831582885207
2024-01-23,477.2835693359375,1,0.0029166072960968847,199.66897826336614
2024-01-24,477.8052978515625,1,0.0010931206292119633,199.8872405425195
2024-01-25,480.4040222167969,1,0.005438877251716212,200.9744027080145
2024-01-26,479.7937316894531,1,-0.001270369312329267,200.71909099425054
2024-01-29,483.5933837890625,1,0.007919345019848478,202.30865472790435
2024-01-30,483.2193298339844,1,-0.0007734885703921668,202.1521712957809
2024-01-31,475.33447265625,1,-0.016317346370318675,198.85358429723567
2024-02-01,481.5557556152344,1,0.013088221698331237,201.45622409402569
2024-02-02,486.6252746582031,1,0.010527377118547676,203.57702973794213
2024-02-05,484.8533935546875,1,-0.0036411612708775465,202.83577294162006
2024-02-06,486.2610778808594,1,0.0029033195289229763,203.42467000236564
2024-02-07,490.3166809082031,1,0.00834038176573415,205.12130941075384
2024-02-08,490.5332336425781,1,0.00044165891720004957,205.21190306616285
2024-02-09,493.36822509765625,1,0.0057794075113446475,206.39790628016078
2024-02-12,493.1516723632813,1,-0.00043892720154825593,206.3073126247518
2024-02-13,486.3594665527344,1,-0.013773056427036634,203.4658303666608
2024-02-14,490.7793273925781,1,0.009087642255986683,205.3148550443503
2024-02-15,494.16558837890625,1,0.006899762881861227,206.73147886028
2024-02-16,491.7046203613281,1,-0.004980047327154513,205.70194631154317
2024-02-20,488.99761962890625,1,-0.005505339222626415,204.56948731834365
2024-02-21,489.4405517578125,1,0.0009057960839202739,204.75478555884615
2024-02-22,499.56976318359375,1,0.020695488735868794,208.9922859169945
2024-02-23,499.9142761230469,1,0.0006896192781118415,209.13641102633954
2024-02-26,498.0833435058594,1,-0.003662493160601077,208.3704503513229
2024-02-27,499.0086364746094,1,0.0018577071102943155,208.75754161851577
2024-02-28,498.3491516113281,1,-0.0013215900789621537,208.4816497226042
2024-02-29,500.1407165527344,1,0.0035949994810136054,209.2311411451578
2024-03-01,504.8361511230469,1,0.009388226982750325,211.19545059008843
2024-03-04,504.2947692871094,1,-0.0010723911802535957,210.96896645156593
2024-03-05,499.2547607421875,1,-0.00999417176594286,208.86050636356552
2024-03-06,501.7846374511719,1,0.005067306128885951,209.91886648754385
2024-03-07,506.7655029296875,1,0.009926301259074233,212.0025843962626
2024-03-08,503.723876953125,1,-0.006002038337215909,210.73013675712738
2024-03-11,503.2907104492187,1,-0.0008599284721748646,210.54892391258463
2024-03-12,508.7048034667969,1,0.010757387142603436,212.81388019957083
2024-03-13,507.9073791503906,1,-0.0015675580630885033,212.48028208572686
2024-03-14,506.9033508300781,1,-0.001976794119415981,212.06025231360798
2024-03-15,503.4226989746094,1,-0.006866499994069963,210.60414059235407
2024-03-18,506.4145812988281,1,0.005943081887870294,211.85577824581898
2024-03-19,509.2288208007813,1,0.0055571849742859225,213.0330999934023
2024-03-20,513.9389038085938,1,0.009249443109692113,215.00353753227262
2024-03-21,515.6372680664062,1,0.0033046034173063177,215.71403895713473
2024-03-22,514.65966796875,1,-0.0018959065959722743,215.30506528783206
2024-03-25,513.23779296875,1,-0.002762748061474918,214.71023163608237
2024-03-26,512.2898559570312,1,-0.0018469742967203162,214.31366735700763
2024-03-27,516.594970703125,1,0.008403669711654072,216.1146886321692
2024-03-28,516.4962768554688,1,-0.0001910468611839855,216.07340059925028
2024-04-01,515.59765625,1,-0.0017398394639739356,215.69746756977267
2024-04-02,512.3194580078125,1,-0.006358054972612215,214.32605121351082
2024-04-03,512.8822631835938,1,0.0010985434321970633,214.56149768942018
2024-04-04,506.6219787597656,1,-0.012206084852630528,211.9425418425156
2024-04-05,511.9146423339844,1,0.01044696794871669,214.15669878411393
2024-04-08,512.2008666992188,1,0.0005591251774501593,214.2764391863237
2024-04-09,512.7933959960938,0,0.001156829938015136,214.52432058618572
2024-04-10,507.65875244140625,0,-0.0,214.52432058618572
2024-04-11,511.489990234375,0,0.0,214.52432058618572
2024-04-12,504.4298400878906,0,-0.0,214.52432058618572
2024-04-15,498.1103210449219,0,-0.0,214.52432058618572
2024-04-16,497.2018737792969,0,-0.0,214.52432058618572
2024-04-17,494.2593078613281,0,-0.0,214.52432058618572
2024-04-18,493.2422180175781,0,-0.0,214.52432058618572
2024-04-19,488.9370422363281,0,-0.0,214.52432058618572
